image_url,is_main,product_id
https://images.unsplash.com/photo-1563379926898-05f4575a45d8?ixlib=rb-1.2.1&ixid=MnwxMjA3fDB8MHxwaG90by1wYWdlfHx8fGVufDB8fHx8&auto=format&fit=crop&w=1770&q=80,1,1
https://images.unsplash.com/photo-1447279506476-3faec8071eee?ixid=MnwxMjA3fDB8MHxwaG90by1wYWdlfHx8fGVufDB8fHx8&ixlib=rb-1.2.1&auto=format&fit=crop&w=1770&q=80,0,1
https://images.unsplash.com/photo-1556761223-4c4282c73f77?ixlib=rb-1.2.1&ixid=MnwxMjA3fDB8MHxwaG90by1wYWdlfHx8fGVufDB8fHx8&auto=format&fit=crop&w=930&q=80,0,1
https://images.unsplash.com/photo-1518675219903-c682c4b16b1d?ixlib=rb-1.2.1&ixid=MnwxMjA3fDB8MHxwaG90by1wYWdlfHx8fGVufDB8fHx8&auto=format&fit=crop&w=1180&q=80,0,1
https://images.unsplash.com/photo-1627286400579-027de47e9e73?ixid=MnwxMjA3fDB8MHxwaG90by1wYWdlfHx8fGVufDB8fHx8&ixlib=rb-1.2.1&auto=format&fit=crop&w=774&q=80,0,1
https://images.unsplash.com/photo-1509440159596-0249088772ff?ixid=MnwxMjA3fDB8MHxwaG90by1wYWdlfHx8fGVufDB8fHx8&ixlib=rb-1.2.1&auto=format&fit=crop&w=1772&q=80,1,2
https://images.unsplash.com/photo-1428895009712-de9e58a18409?ixid=MnwxMjA3fDB8MHxwaG90by1wYWdlfHx8fGVufDB8fHx8&ixlib=rb-1.2.1&auto=format&fit=crop&w=1770&q=80,0,2
https://images.unsplash.com/photo-1555507036-ab1f4038808a?ixid=MnwxMjA3fDB8MHxwaG90by1wYWdlfHx8fGVufDB8fHx8&ixlib=rb-1.2.1&auto=format&fit=crop&w=1452&q=80,0,2
https://images.unsplash.com/photo-1550599112-0c21a831f6b9?ixlib=rb-1.2.1&ixid=MnwxMjA3fDB8MHxwaG90by1wYWdlfHx8fGVufDB8fHx8&auto=format&fit=crop&w=1770&q=80,0,2
https://images.unsplash.com/photo-1545339975-a9cbe0af3392?ixlib=rb-1.2.1&ixid=MnwxMjA3fDB8MHxwaG90by1wYWdlfHx8fGVufDB8fHx8&auto=format&fit=crop&w=774&q=80,0,2
https://images.unsplash.com/photo-1569718212165-3a8278d5f624?ixlib=rb-1.2.1&ixid=MnwxMjA3fDB8MHxwaG90by1wYWdlfHx8fGVufDB8fHx8&auto=format&fit=crop&w=1180&q=80,1,3
https://images.unsplash.com/photo-1600326145359-3a44909d1a39?ixlib=rb-1.2.1&ixid=MnwxMjA3fDB8MHxwaG90by1wYWdlfHx8fGVufDB8fHx8&auto=format&fit=crop&w=928&q=80,0,3
https://images.unsplash.com/photo-1591814468924-caf88d1232e1?ixlib=rb-1.2.1&ixid=MnwxMjA3fDB8MHxwaG90by1wYWdlfHx8fGVufDB8fHx8&auto=format&fit=crop&w=1770&q=80,0,3
https://images.unsplash.com/photo-1618889482923-38250401a84e?ixlib=rb-1.2.1&ixid=MnwxMjA3fDB8MHxwaG90by1wYWdlfHx8fGVufDB8fHx8&auto=format&fit=crop&w=1770&q=80,0,3
https://images.unsplash.com/photo-1612927601601-6638404737ce?ixlib=rb-1.2.1&ixid=MnwxMjA3fDB8MHxwaG90by1wYWdlfHx8fGVufDB8fHx8&auto=format&fit=crop&w=774&q=80,0,3
https://images.unsplash.com/photo-1583516867196-ea9a73ecdc13?ixid=MnwxMjA3fDB8MHxwaG90by1wYWdlfHx8fGVufDB8fHx8&ixlib=rb-1.2.1&auto=format&fit=crop&w=1180&q=80,1,4
https://images.unsplash.com/photo-1570145820259-b5b80c5c8bd6?ixid=MnwxMjA3fDB8MHxwaG90by1wYWdlfHx8fGVufDB8fHx8&ixlib=rb-1.2.1&auto=format&fit=crop&w=1548&q=80,0,4
https://images.unsplash.com/photo-1581797833924-255242b10b3d?ixlib=rb-1.2.1&ixid=MnwxMjA3fDB8MHxwaG90by1wYWdlfHx8fGVufDB8fHx8&auto=format&fit=crop&w=2938&q=80,0,4
https://images.unsplash.com/photo-1617996884841-3949eaec3448?ixlib=rb-1.2.1&ixid=MnwxMjA3fDB8MHxwaG90by1wYWdlfHx8fGVufDB8fHx8&auto=format&fit=crop&w=1546&q=80,0,4
https://images.unsplash.com/photo-1606313564573-104197cf8f91?ixlib=rb-1.2.1&ixid=MnwxMjA3fDB8MHxwaG90by1wYWdlfHx8fGVufDB8fHx8&auto=format&fit=crop&w=774&q=80,0,4
https://images.unsplash.com/photo-1527515545081-5db817172677?ixid=MnwxMjA3fDB8MHxwaG90by1wYWdlfHx8fGVufDB8fHx8&ixlib=rb-1.2.1&auto=format&fit=crop&w=1770&q=80,1,5
https://images.unsplash.com/photo-1626094309830-abbb0c99da4a?ixid=MnwxMjA3fDB8MHxwaG90by1wYWdlfHx8fGVufDB8fHx8&ixlib=rb-1.2.1&auto=format&fit=crop&w=2064&q=80,0,5
https://images.unsplash.com/photo-1516919549054-e08258825f80?ixid=MnwxMjA3fDB8MHxwaG90by1wYWdlfHx8fGVufDB8fHx8&ixlib=rb-1.2.1&auto=format&fit=crop&w=1770&q=80,0,5
https://images.unsplash.com/photo-1514517521153-1be72277b32f?ixid=MnwxMjA3fDB8MHxwaG90by1wYWdlfHx8fGVufDB8fHx8&ixlib=rb-1.2.1&auto=format&fit=crop&w=774&q=80,0,5
https://images.unsplash.com/photo-1525059337994-6f2a1311b4d4?ixid=MnwxMjA3fDB8MHxwaG90by1wYWdlfHx8fGVufDB8fHx8&ixlib=rb-1.2.1&auto=format&fit=crop&w=822&q=80,0,5
https://images.unsplash.com/photo-1496116218417-1a781b1c416c?ixid=MnwxMjA3fDB8MHxwaG90by1wYWdlfHx8fGVufDB8fHx8&ixlib=rb-1.2.1&auto=format&fit=crop&w=1770&q=80,1,6
https://images.unsplash.com/photo-1589047133481-02b4a5327d89?ixlib=rb-1.2.1&ixid=MnwxMjA3fDB8MHxwaG90by1wYWdlfHx8fGVufDB8fHx8&auto=format&fit=crop&w=774&q=81,0,6
https://images.unsplash.com/photo-1589047133531-570405874c6a?ixid=MnwxMjA3fDB8MHxwaG90by1wYWdlfHx8fGVufDB8fHx8&ixlib=rb-1.2.1&auto=format&fit=crop&w=1770&q=80,0,6
https://images.unsplash.com/photo-1570604127008-f644337cfb8b?ixlib=rb-1.2.1&ixid=MnwxMjA3fDB8MHxwaG90by1wYWdlfHx8fGVufDB8fHx8&auto=format&fit=crop&w=1770&q=80,0,6
https://images.unsplash.com/photo-1543198432-a20fa3055570?ixlib=rb-1.2.1&ixid=MnwxMjA3fDB8MHxwaG90by1wYWdlfHx8fGVufDB8fHx8&auto=format&fit=crop&w=1770&q=80,0,6
https://images.unsplash.com/photo-1603105037880-880cd4edfb0d?ixid=MnwxMjA3fDB8MHxwaG90by1wYWdlfHx8fGVufDB8fHx8&ixlib=rb-1.2.1&auto=format&fit=crop&w=774&q=80,1,7
https://images.unsplash.com/photo-1578020190125-f4f7c18bc9cb?ixlib=rb-1.2.1&ixid=MnwxMjA3fDB8MHxwaG90by1wYWdlfHx8fGVufDB8fHx8&auto=format&fit=crop&w=870&q=80,0,7
https://images.unsplash.com/photo-1608930532174-18ff53f01438?ixlib=rb-1.2.1&ixid=MnwxMjA3fDB8MHxwaG90by1wYWdlfHx8fGVufDB8fHx8&auto=format&fit=crop&w=930&q=80,0,7
https://images.unsplash.com/photo-1611068120871-18adeb19dac3?ixlib=rb-1.2.1&ixid=MnwxMjA3fDB8MHxwaG90by1wYWdlfHx8fGVufDB8fHx8&auto=format&fit=crop&w=774&q=80,0,7
https://images.unsplash.com/photo-1629978448078-c94a0ab6500f?ixid=MnwxMjA3fDB8MHxwaG90by1wYWdlfHx8fGVufDB8fHx8&ixlib=rb-1.2.1&auto=format&fit=crop&w=1770&q=80,0,7
https://images.unsplash.com/photo-1614398751058-eb2e0bf63e53?ixid=MnwxMjA3fDB8MHxwaG90by1wYWdlfHx8fGVufDB8fHx8&ixlib=rb-1.2.1&auto=format&fit=crop&w=1428&q=80,1,8
https://images.unsplash.com/photo-1562967914-01efa7e87832?ixid=MnwxMjA3fDB8MHxwaG90by1wYWdlfHx8fGVufDB8fHx8&ixlib=rb-1.2.1&auto=format&fit=crop&w=1773&q=80,0,8
https://images.unsplash.com/photo-1569691899455-88464f6d3ab1?ixid=MnwxMjA3fDB8MHxwaG90by1wYWdlfHx8fGVufDB8fHx8&ixlib=rb-1.2.1&auto=format&fit=crop&w=772&q=80,0,8
https://images.unsplash.com/photo-1603911036037-6331767f3b3a?ixlib=rb-1.2.1&ixid=MnwxMjA3fDB8MHxwaG90by1wYWdlfHx8fGVufDB8fHx8&auto=format&fit=crop&w=930&q=80,0,8
https://images.unsplash.com/photo-1588923930957-81c81fd6262b?ixlib=rb-1.2.1&ixid=MnwxMjA3fDB8MHxwaG90by1wYWdlfHx8fGVufDB8fHx8&auto=format&fit=crop&w=1770&q=80,0,8
https://images.unsplash.com/photo-1501443762994-82bd5dace89a?ixid=MnwxMjA3fDB8MHxwaG90by1wYWdlfHx8fGVufDB8fHx8&ixlib=rb-1.2.1&auto=format&fit=crop&w=1770&q=80,1,9
https://images.unsplash.com/photo-1554521718-e87e96d67ca5?ixid=MnwxMjA3fDB8MHxwaG90by1wYWdlfHx8fGVufDB8fHx8&ixlib=rb-1.2.1&auto=format&fit=crop&w=928&q=80,0,9
https://images.unsplash.com/photo-1555529211-3237f6e13d33?ixlib=rb-1.2.1&ixid=MnwxMjA3fDB8MHxwaG90by1wYWdlfHx8fGVufDB8fHx8&auto=format&fit=crop&w=806&q=80,0,9
https://images.unsplash.com/photo-1571778127658-9275961ee810?ixlib=rb-1.2.1&ixid=MnwxMjA3fDB8MHxwaG90by1wYWdlfHx8fGVufDB8fHx8&auto=format&fit=crop&w=774&q=80,0,9
https://images.unsplash.com/photo-1593558159516-d0be2a960c52?ixlib=rb-1.2.1&ixid=MnwxMjA3fDB8MHxwaG90by1wYWdlfHx8fGVufDB8fHx8&auto=format&fit=crop&w=1548&q=80,0,9
https://images.unsplash.com/photo-1560806887-1e4cd0b6cbd6?ixid=MnwxMjA3fDB8MHxwaG90by1wYWdlfHx8fGVufDB8fHx8&ixlib=rb-1.2.1&auto=format&fit=crop&w=1548&q=80,1,10
https://images.unsplash.com/photo-1570913149827-d2ac84ab3f9a?ixid=MnwxMjA3fDB8MHxwaG90by1wYWdlfHx8fGVufDB8fHx8&ixlib=rb-1.2.1&auto=format&fit=crop&w=1770&q=80,0,10
https://images.unsplash.com/photo-1552255349-450c59a5ec8e?ixid=MnwxMjA3fDB8MHxwaG90by1wYWdlfHx8fGVufDB8fHx8&ixlib=rb-1.2.1&auto=format&fit=crop&w=1771&q=80,0,10
https://images.unsplash.com/photo-1606757389723-23c4bf501fba?ixid=MnwxMjA3fDB8MHxwaG90by1wYWdlfHx8fGVufDB8fHx8&ixlib=rb-1.2.1&auto=format&fit=crop&w=1770&q=80,0,10
https://images.unsplash.com/photo-1506277548624-5d9498cde122?ixid=MnwxMjA3fDB8MHxwaG90by1wYWdlfHx8fGVufDB8fHx8&ixlib=rb-1.2.1&auto=format&fit=crop&w=1776&q=80,0,10
https://images.unsplash.com/photo-1569419910356-f63064754fc9?ixid=MnwxMjA3fDB8MHxwaG90by1wYWdlfHx8fGVufDB8fHx8&ixlib=rb-1.2.1&auto=format&fit=crop&w=928&q=80,1,11
https://images.unsplash.com/photo-1504708706948-13d6cbba4062?ixlib=rb-1.2.1&ixid=MnwxMjA3fDB8MHxwaG90by1wYWdlfHx8fGVufDB8fHx8&auto=format&fit=crop&w=1770&q=80,0,11
https://images.unsplash.com/photo-1621470626424-5c3f5fee3269?ixlib=rb-1.2.1&ixid=MnwxMjA3fDB8MHxwaG90by1wYWdlfHx8fGVufDB8fHx8&auto=format&fit=crop&w=774&q=80,0,11
https://images.unsplash.com/photo-1596370175676-bfc19ba489f8?ixlib=rb-1.2.1&ixid=MnwxMjA3fDB8MHxwaG90by1wYWdlfHx8fGVufDB8fHx8&auto=format&fit=crop&w=930&q=80,0,11
https://images.unsplash.com/photo-1590080876351-941da357bde6?ixlib=rb-1.2.1&ixid=MnwxMjA3fDB8MHxwaG90by1wYWdlfHx8fGVufDB8fHx8&auto=format&fit=crop&w=1180&q=80,0,11
https://images.unsplash.com/photo-1531988254127-a3e045de15ca?ixid=MnwxMjA3fDB8MHxwaG90by1wYWdlfHx8fGVufDB8fHx8&ixlib=rb-1.2.1&auto=format&fit=crop&w=1770&q=80,1,12
https://images.unsplash.com/photo-1589114471223-dec0d8d572c6?ixlib=rb-1.2.1&ixid=MnwxMjA3fDB8MHxwaG90by1wYWdlfHx8fGVufDB8fHx8&auto=format&fit=crop&w=1770&q=80,0,12
https://images.unsplash.com/photo-1606946144557-0d04974df266?ixid=MnwxMjA3fDB8MHxwaG90by1wYWdlfHx8fGVufDB8fHx8&ixlib=rb-1.2.1&auto=format&fit=crop&w=1548&q=80,0,12
https://images.unsplash.com/photo-1617062684431-5fa3c81cc240?ixid=MnwxMjA3fDB8MHxwaG90by1wYWdlfHx8fGVufDB8fHx8&ixlib=rb-1.2.1&auto=format&fit=crop&w=1770&q=80,0,12
https://images.unsplash.com/photo-1594460684487-04300fce1d43?ixid=MnwxMjA3fDB8MHxwaG90by1wYWdlfHx8fGVufDB8fHx8&ixlib=rb-1.2.1&auto=format&fit=crop&w=870&q=80,0,12
https://images.unsplash.com/photo-1543352632-fea6d4f83e78?ixlib=rb-1.2.1&ixid=MnwxMjA3fDB8MHxwaG90by1wYWdlfHx8fGVufDB8fHx8&auto=format&fit=crop&w=1548&q=80,1,13
https://images.unsplash.com/photo-1505576399279-565b52d4ac71?ixlib=rb-1.2.1&ixid=MnwxMjA3fDB8MHxwaG90by1wYWdlfHx8fGVufDB8fHx8&auto=format&fit=crop&w=774&q=80,0,13
https://images.unsplash.com/photo-1546552916-985b466ffbec?ixlib=rb-1.2.1&ixid=MnwxMjA3fDB8MHxwaG90by1wYWdlfHx8fGVufDB8fHx8&auto=format&fit=crop&w=774&q=80,0,13
https://images.unsplash.com/photo-1528712306091-ed0763094c98?ixid=MnwxMjA3fDB8MHxwaG90by1wYWdlfHx8fGVufDB8fHx8&ixlib=rb-1.2.1&auto=format&fit=crop&w=880&q=80,0,13
https://images.unsplash.com/photo-1507048331197-7d4ac70811cf?ixlib=rb-1.2.1&ixid=MnwxMjA3fDB8MHxwaG90by1wYWdlfHx8fGVufDB8fHx8&auto=format&fit=crop&w=1548&q=80,0,13
https://images.unsplash.com/photo-1606858374191-c18040e98ad7?ixid=MnwxMjA3fDB8MHxwaG90by1wYWdlfHx8fGVufDB8fHx8&ixlib=rb-1.2.1&auto=format&fit=crop&w=1770&q=80,1,14
https://images.unsplash.com/photo-1575672401987-c8f1debabfd7?ixlib=rb-1.2.1&ixid=MnwxMjA3fDB8MHxwaG90by1wYWdlfHx8fGVufDB8fHx8&auto=format&fit=crop&w=1770&q=80,0,14
https://images.unsplash.com/photo-1549859454-6271f0764d7b?ixid=MnwxMjA3fDB8MHxwaG90by1wYWdlfHx8fGVufDB8fHx8&ixlib=rb-1.2.1&auto=format&fit=crop&w=1770&q=80,0,14
https://images.unsplash.com/photo-1599297914860-1ccd36987a52?ixlib=rb-1.2.1&ixid=MnwxMjA3fDB8MHxwaG90by1wYWdlfHx8fGVufDB8fHx8&auto=format&fit=crop&w=1770&q=80,0,14
https://images.unsplash.com/photo-1591189863430-ab87e120f312?ixid=MnwxMjA3fDB8MHxwaG90by1wYWdlfHx8fGVufDB8fHx8&ixlib=rb-1.2.1&auto=format&fit=crop&w=1770&q=80,0,14
https://images.unsplash.com/photo-1616645258469-ec681c17f3ee?ixid=MnwxMjA3fDB8MHxwaG90by1wYWdlfHx8fGVufDB8fHx8&ixlib=rb-1.2.1&auto=format&fit=crop&w=1770&q=80,1,15
https://images.unsplash.com/photo-1562571708-527276a391ac?ixid=MnwxMjA3fDB8MHxwaG90by1wYWdlfHx8fGVufDB8fHx8&ixlib=rb-1.2.1&auto=format&fit=crop&w=1770&q=80,0,15
https://images.unsplash.com/photo-1583224964978-2257b960c3d3?ixlib=rb-1.2.1&ixid=MnwxMjA3fDB8MHxwaG90by1wYWdlfHx8fGVufDB8fHx8&auto=format&fit=crop&w=1770&q=80,0,15
https://images.unsplash.com/photo-1564834724105-918b73d1b9e0?ixid=MnwxMjA3fDB8MHxwaG90by1wYWdlfHx8fGVufDB8fHx8&ixlib=rb-1.2.1&auto=format&fit=crop&w=776&q=80,0,15
https://images.unsplash.com/photo-1546471364-2735697e52d2?ixid=MnwxMjA3fDB8MHxwaG90by1wYWdlfHx8fGVufDB8fHx8&ixlib=rb-1.2.1&auto=format&fit=crop&w=870&q=80,0,15
https://images.unsplash.com/photo-1546069901-ba9599a7e63c?ixid=MnwxMjA3fDB8MHxwaG90by1wYWdlfHx8fGVufDB8fHx8&ixlib=rb-1.2.1&auto=format&fit=crop&w=1160&q=80,1,16
https://images.unsplash.com/photo-1600335895229-6e75511892c8?ixid=MnwxMjA3fDB8MHxwaG90by1wYWdlfHx8fGVufDB8fHx8&ixlib=rb-1.2.1&auto=format&fit=crop&w=774&q=80,0,16
https://images.unsplash.com/photo-1490645935967-10de6ba17061?ixid=MnwxMjA3fDB8MHxwaG90by1wYWdlfHx8fGVufDB8fHx8&ixlib=rb-1.2.1&auto=format&fit=crop&w=1706&q=80,0,16
https://images.unsplash.com/photo-1551248429-40975aa4de74?ixid=MnwxMjA3fDB8MHxwaG90by1wYWdlfHx8fGVufDB8fHx8&ixlib=rb-1.2.1&auto=format&fit=crop&w=1380&q=80,0,16
https://images.unsplash.com/photo-1556386734-4227a180d19e?ixlib=rb-1.2.1&ixid=MnwxMjA3fDB8MHxwaG90by1wYWdlfHx8fGVufDB8fHx8&auto=format&fit=crop&w=810&q=80,0,16
https://images.unsplash.com/photo-1600335895229-6e75511892c8?ixid=MnwxMjA3fDB8MHxwaG90by1wYWdlfHx8fGVufDB8fHx8&ixlib=rb-1.2.1&auto=format&fit=crop&w=774&q=80,1,17
https://images.unsplash.com/photo-1546069901-ba9599a7e63c?ixid=MnwxMjA3fDB8MHxwaG90by1wYWdlfHx8fGVufDB8fHx8&ixlib=rb-1.2.1&auto=format&fit=crop&w=1160&q=80,0,17
https://images.unsplash.com/photo-1490645935967-10de6ba17061?ixid=MnwxMjA3fDB8MHxwaG90by1wYWdlfHx8fGVufDB8fHx8&ixlib=rb-1.2.1&auto=format&fit=crop&w=1706&q=80,0,17
https://images.unsplash.com/photo-1551248429-40975aa4de74?ixid=MnwxMjA3fDB8MHxwaG90by1wYWdlfHx8fGVufDB8fHx8&ixlib=rb-1.2.1&auto=format&fit=crop&w=1380&q=80,0,17
https://images.unsplash.com/photo-1556386734-4227a180d19e?ixlib=rb-1.2.1&ixid=MnwxMjA3fDB8MHxwaG90by1wYWdlfHx8fGVufDB8fHx8&auto=format&fit=crop&w=810&q=80,0,17
https://images.unsplash.com/photo-1490645935967-10de6ba17061?ixid=MnwxMjA3fDB8MHxwaG90by1wYWdlfHx8fGVufDB8fHx8&ixlib=rb-1.2.1&auto=format&fit=crop&w=1706&q=80,1,18
https://images.unsplash.com/photo-1546069901-ba9599a7e63c?ixid=MnwxMjA3fDB8MHxwaG90by1wYWdlfHx8fGVufDB8fHx8&ixlib=rb-1.2.1&auto=format&fit=crop&w=1160&q=80,0,18
https://images.unsplash.com/photo-1600335895229-6e75511892c8?ixid=MnwxMjA3fDB8MHxwaG90by1wYWdlfHx8fGVufDB8fHx8&ixlib=rb-1.2.1&auto=format&fit=crop&w=774&q=80,0,18
https://images.unsplash.com/photo-1551248429-40975aa4de74?ixid=MnwxMjA3fDB8MHxwaG90by1wYWdlfHx8fGVufDB8fHx8&ixlib=rb-1.2.1&auto=format&fit=crop&w=1380&q=80,0,18
https://images.unsplash.com/photo-1556386734-4227a180d19e?ixlib=rb-1.2.1&ixid=MnwxMjA3fDB8MHxwaG90by1wYWdlfHx8fGVufDB8fHx8&auto=format&fit=crop&w=810&q=80,0,18
https://images.unsplash.com/photo-1551248429-40975aa4de74?ixid=MnwxMjA3fDB8MHxwaG90by1wYWdlfHx8fGVufDB8fHx8&ixlib=rb-1.2.1&auto=format&fit=crop&w=1380&q=80,1,19
https://images.unsplash.com/photo-1546069901-ba9599a7e63c?ixid=MnwxMjA3fDB8MHxwaG90by1wYWdlfHx8fGVufDB8fHx8&ixlib=rb-1.2.1&auto=format&fit=crop&w=1160&q=80,0,19
https://images.unsplash.com/photo-1600335895229-6e75511892c8?ixid=MnwxMjA3fDB8MHxwaG90by1wYWdlfHx8fGVufDB8fHx8&ixlib=rb-1.2.1&auto=format&fit=crop&w=774&q=80,0,19
https://images.unsplash.com/photo-1490645935967-10de6ba17061?ixid=MnwxMjA3fDB8MHxwaG90by1wYWdlfHx8fGVufDB8fHx8&ixlib=rb-1.2.1&auto=format&fit=crop&w=1706&q=80,0,19
https://images.unsplash.com/photo-1556386734-4227a180d19e?ixlib=rb-1.2.1&ixid=MnwxMjA3fDB8MHxwaG90by1wYWdlfHx8fGVufDB8fHx8&auto=format&fit=crop&w=810&q=80,0,19
https://images.unsplash.com/photo-1556386734-4227a180d19e?ixlib=rb-1.2.1&ixid=MnwxMjA3fDB8MHxwaG90by1wYWdlfHx8fGVufDB8fHx8&auto=format&fit=crop&w=810&q=80,1,20
https://images.unsplash.com/photo-1546069901-ba9599a7e63c?ixid=MnwxMjA3fDB8MHxwaG90by1wYWdlfHx8fGVufDB8fHx8&ixlib=rb-1.2.1&auto=format&fit=crop&w=1160&q=80,0,20
https://images.unsplash.com/photo-1600335895229-6e75511892c8?ixid=MnwxMjA3fDB8MHxwaG90by1wYWdlfHx8fGVufDB8fHx8&ixlib=rb-1.2.1&auto=format&fit=crop&w=774&q=80,0,20
https://images.unsplash.com/photo-1490645935967-10de6ba17061?ixid=MnwxMjA3fDB8MHxwaG90by1wYWdlfHx8fGVufDB8fHx8&ixlib=rb-1.2.1&auto=format&fit=crop&w=1706&q=80,0,20
https://images.unsplash.com/photo-1551248429-40975aa4de74?ixid=MnwxMjA3fDB8MHxwaG90by1wYWdlfHx8fGVufDB8fHx8&ixlib=rb-1.2.1&auto=format&fit=crop&w=1380&q=80,0,20
https://images.unsplash.com/photo-1606502973842-f64bc2785fe5?ixid=MnwxMjA3fDB8MHxzZWFyY2h8NHx8Y2hpY2tlbiUyMGZvb2R8ZW58MHx8MHx8&ixlib=rb-1.2.1&auto=format&fit=crop&w=800&q=60,1,21
https://images.unsplash.com/photo-1569058242253-92a9c755a0ec?ixid=MnwxMjA3fDB8MHxzZWFyY2h8MjJ8fGNoaWNrZW4lMjBmb29kfGVufDB8fDB8fA%3D%3D&ixlib=rb-1.2.1&auto=format&fit=crop&w=800&q=60,0,21
https://images.unsplash.com/photo-1569691899455-88464f6d3ab1?ixid=MnwxMjA3fDB8MHxzZWFyY2h8MTh8fGNoaWNrZW4lMjBmb29kfGVufDB8fDB8fA%3D%3D&ixlib=rb-1.2.1&auto=format&fit=crop&w=800&q=60,0,21
https://images.unsplash.com/photo-1562967914-01efa7e87832?ixid=MnwxMjA3fDB8MHxzZWFyY2h8NzN8fGNoaWNrZW4lMjBmb29kfGVufDB8fDB8fA%3D%3D&ixlib=rb-1.2.1&auto=format&fit=crop&w=800&q=60,0,21
https://images.unsplash.com/photo-1579670039509-e21e75007e4c?ixid=MnwxMjA3fDB8MHxzZWFyY2h8MjAyfHxjaGlja2VuJTIwZm9vZHxlbnwwfHwwfHw%3D&ixlib=rb-1.2.1&auto=format&fit=crop&w=800&q=60,0,21
https://media-cdn.tripadvisor.com/media/photo-s/12/af/16/04/caption.jpg,1,22
https://encrypted-tbn0.gstatic.com/images?q=tbn:ANd9GcQMMZA3WTq_Nx7o7pyC2wecggryIHVOJN6_IA&usqp=CAU,0,22
https://encrypted-tbn0.gstatic.com/images?q=tbn:ANd9GcRMFuaYzTaMTHRzo11eGSJyeXOzs8FcREvSQA&usqp=CAU,0,22
https://encrypted-tbn0.gstatic.com/images?q=tbn:ANd9GcSyMixKQeV6HSs3estBbhR7zV-XoYer4qNrxQ&usqp=CAU,0,22
https://encrypted-tbn0.gstatic.com/images?q=tbn:ANd9GcRrxZVoM0HYiWKBzvbi2PIuirRt9f2xGmMDcQ&usqp=CAU,0,22
https://images.unsplash.com/photo-1567620832903-9fc6debc209f?ixid=MnwxMjA3fDB8MHxzZWFyY2h8MXx8Y2hpY2tlbiUyMGZvb2R8ZW58MHx8MHx8&ixlib=rb-1.2.1&auto=format&fit=crop&w=800&q=60,1,23
https://images.unsplash.com/photo-1619019187211-adf2f6119afd?ixid=MnwxMjA3fDB8MHxzZWFyY2h8MjR8fGNoaWNrZW4lMjBmb29kfGVufDB8fDB8fA%3D%3D&ixlib=rb-1.2.1&auto=format&fit=crop&w=800&q=60,0,23
https://images.unsplash.com/photo-1600555379765-f82335a7b1b0?ixid=MnwxMjA3fDB8MHxzZWFyY2h8Mjd8fGNoaWNrZW4lMjBmb29kfGVufDB8fDB8fA%3D%3D&ixlib=rb-1.2.1&auto=format&fit=crop&w=800&q=60,0,23
https://images.unsplash.com/photo-1599161146640-8d60bd2888e3?ixid=MnwxMjA3fDB8MHxzZWFyY2h8MzZ8fGNoaWNrZW4lMjBmb29kfGVufDB8fDB8fA%3D%3D&ixlib=rb-1.2.1&auto=format&fit=crop&w=800&q=60,0,23
https://images.unsplash.com/photo-1596474252356-40a385da8686?ixid=MnwxMjA3fDB8MHxzZWFyY2h8NDN8fGNoaWNrZW4lMjBmb29kfGVufDB8fDB8fA%3D%3D&ixlib=rb-1.2.1&auto=format&fit=crop&w=800&q=60,0,23
https://images.unsplash.com/photo-1627858034922-72a657d6b3c2?ixid=MnwxMjA3fDB8MHxzZWFyY2h8MXx8Y2hpY2tlbiUyMGJyZWFzdHxlbnwwfHwwfHw%3D&ixlib=rb-1.2.1&auto=format&fit=crop&w=800&q=60,1,24
https://images.unsplash.com/photo-1612871689804-26a67131416e?ixid=MnwxMjA3fDB8MHxzZWFyY2h8MzN8fGNoaWNrZW4lMjBmb29kfGVufDB8fDB8fA%3D%3D&ixlib=rb-1.2.1&auto=format&fit=crop&w=800&q=60,0,24
https://images.unsplash.com/photo-1532550907401-a500c9a57435?ixid=MnwxMjA3fDB8MHxzZWFyY2h8NzR8fGNoaWNrZW4lMjBmb29kfGVufDB8fDB8fA%3D%3D&ixlib=rb-1.2.1&auto=format&fit=crop&w=800&q=60,0,24
https://images.unsplash.com/photo-1539102113920-32874e87fc97?ixid=MnwxMjA3fDB8MHxzZWFyY2h8MTAyfHxjaGlja2VuJTIwZm9vZHxlbnwwfHwwfHw%3D&ixlib=rb-1.2.1&auto=format&fit=crop&w=800&q=60,0,24
https://images.unsplash.com/photo-1603911036037-6331767f3b3a?ixid=MnwxMjA3fDB8MHxzZWFyY2h8MTI1fHxjaGlja2VuJTIwZm9vZHxlbnwwfHwwfHw%3D&ixlib=rb-1.2.1&auto=format&fit=crop&w=800&q=60,0,24
https://images.unsplash.com/photo-1610057099431-d73a1c9d2f2f?ixid=MnwxMjA3fDB8MHxzZWFyY2h8NDZ8fGNoaWNrZW4lMjBicmVhc3R8ZW58MHx8MHx8&ixlib=rb-1.2.1&auto=format&fit=crop&w=800&q=60,1,25
https://images.unsplash.com/photo-1516684669134-de6f7c473a2a?ixid=MnwxMjA3fDB8MHxzZWFyY2h8NDJ8fGNoaWNrZW4lMjBmb29kfGVufDB8fDB8fA%3D%3D&ixlib=rb-1.2.1&auto=format&fit=crop&w=800&q=60,0,25
https://images.unsplash.com/photo-1598515213712-623a4da0cfad?ixid=MnwxMjA3fDB8MHxzZWFyY2h8MTAzfHxjaGlja2VuJTIwZm9vZHxlbnwwfHwwfHw%3D&ixlib=rb-1.2.1&auto=format&fit=crop&w=800&q=60,0,25
https://images.unsplash.com/photo-1514326640560-7d063ef2aed5?ixid=MnwxMjA3fDB8MHxzZWFyY2h8MTExfHxjaGlja2VuJTIwZm9vZHxlbnwwfHwwfHw%3D&ixlib=rb-1.2.1&auto=format&fit=crop&w=800&q=60,0,25
https://images.unsplash.com/photo-1432139555190-58524dae6a55?ixid=MnwxMjA3fDB8MHxzZWFyY2h8MTM5fHxjaGlja2VuJTIwZm9vZHxlbnwwfHwwfHw%3D&ixlib=rb-1.2.1&auto=format&fit=crop&w=800&q=60,0,25
https://images.unsplash.com/photo-1627662236973-4fd8358fa206?ixid=MnwxMjA3fDB8MHxzZWFyY2h8NjR8fGNoaWNrZW4lMjBicmVhc3R8ZW58MHx8MHx8&ixlib=rb-1.2.1&auto=format&fit=crop&w=800&q=60,1,26
https://images.unsplash.com/photo-1597652096872-658bf24731ec?ixid=MnwxMjA3fDB8MHxzZWFyY2h8NDR8fGNoaWNrZW4lMjBmb29kfGVufDB8fDB8fA%3D%3D&ixlib=rb-1.2.1&auto=format&fit=crop&w=800&q=60,0,26
https://images.unsplash.com/photo-1527477396000-e27163b481c2?ixid=MnwxMjA3fDB8MHxzZWFyY2h8ODR8fGNoaWNrZW4lMjBmb29kfGVufDB8fDB8fA%3D%3D&ixlib=rb-1.2.1&auto=format&fit=crop&w=800&q=60,0,26
https://images.unsplash.com/photo-1542706133547-2b957ec7ee5e?ixid=MnwxMjA3fDB8MHxzZWFyY2h8MTMwfHxjaGlja2VuJTIwZm9vZHxlbnwwfHwwfHw%3D&ixlib=rb-1.2.1&auto=format&fit=crop&w=800&q=60,0,26
https://images.unsplash.com/photo-1605929650659-53b28468283d?ixlib=rb-1.2.1&ixid=MnwxMjA3fDB8MHxzZWFyY2h8MTcwfHxjaGlja2VuJTIwZm9vZHxlbnwwfHwwfHw%3D&auto=format&fit=crop&w=800&q=60,0,26
https://images.unsplash.com/photo-1627662235824-d9f447830c76?ixid=MnwxMjA3fDB8MHxzZWFyY2h8ODl8fGNoaWNrZW4lMjBicmVhc3R8ZW58MHx8MHx8&ixlib=rb-1.2.1&auto=format&fit=crop&w=800&q=60,1,27
https://images.unsplash.com/photo-1606728789023-ca3de19c1285?ixid=MnwxMjA3fDB8MHxzZWFyY2h8NTh8fGNoaWNrZW4lMjBmb29kfGVufDB8fDB8fA%3D%3D&ixlib=rb-1.2.1&auto=format&fit=crop&w=800&q=60,0,27
https://images.unsplash.com/photo-1587606381492-7586d66a04a5?ixid=MnwxMjA3fDB8MHxzZWFyY2h8Nzh8fGNoaWNrZW4lMjBmb29kfGVufDB8fDB8fA%3D%3D&ixlib=rb-1.2.1&auto=format&fit=crop&w=800&q=60,0,27
https://images.unsplash.com/photo-1572807680689-7d7a21b4dbfc?ixid=MnwxMjA3fDB8MHxzZWFyY2h8MTg4fHxjaGlja2VuJTIwZm9vZHxlbnwwfHwwfHw%3D&ixlib=rb-1.2.1&auto=format&fit=crop&w=800&q=60,0,27
https://images.unsplash.com/photo-1604422237312-37a96a84a4c6?ixid=MnwxMjA3fDB8MHxzZWFyY2h8MTk1fHxjaGlja2VuJTIwZm9vZHxlbnwwfHwwfHw%3D&ixlib=rb-1.2.1&auto=format&fit=crop&w=800&q=60,0,27
https://images.unsplash.com/photo-1614398751058-eb2e0bf63e53?ixid=MnwxMjA3fDB8MHxzZWFyY2h8OXx8Y2hpY2tlbiUyMHdpbmdzfGVufDB8fDB8fA%3D%3D&ixlib=rb-1.2.1&auto=format&fit=crop&w=800&q=60,1,28
https://images.unsplash.com/photo-1562967916-eb82221dfb92?ixid=MnwxMjA3fDB8MHxzZWFyY2h8N3x8Y2hpY2tlbiUyMHdpbmdzfGVufDB8fDB8fA%3D%3D&ixlib=rb-1.2.1&auto=format&fit=crop&w=800&q=60,0,28
https://images.unsplash.com/photo-1571488470773-fed9fb525b6c?ixid=MnwxMjA3fDB8MHxzZWFyY2h8MzN8fGNoaWNrZW4lMjB3aW5nc3xlbnwwfHwwfHw%3D&ixlib=rb-1.2.1&auto=format&fit=crop&w=800&q=60,0,28
https://images.unsplash.com/photo-1627378378952-a736d8e12219?ixid=MnwxMjA3fDB8MHxzZWFyY2h8Mzd8fGNoaWNrZW4lMjB3aW5nc3xlbnwwfHwwfHw%3D&ixlib=rb-1.2.1&auto=format&fit=crop&w=800&q=60,0,28
https://images.unsplash.com/photo-1600891965050-6da6bad77c3f?ixid=MnwxMjA3fDB8MHxzZWFyY2h8NDB8fGNoaWNrZW4lMjB3aW5nc3xlbnwwfHwwfHw%3D&ixlib=rb-1.2.1&auto=format&fit=crop&w=800&q=60,0,28
https://images.unsplash.com/photo-1619023459974-dd3a5ff6a81a?ixid=MnwxMjA3fDB8MHxzZWFyY2h8Njl8fGNoaWNrZW4lMjBmb29kfGVufDB8fDB8fA%3D%3D&ixlib=rb-1.2.1&auto=format&fit=crop&w=800&q=60,1,29
https://images.unsplash.com/photo-1628524083371-6fe9616a264c?ixid=MnwxMjA3fDB8MHxzZWFyY2h8NTl8fGNoaWNrZW4lMjBmb29kfGVufDB8fDB8fA%3D%3D&ixlib=rb-1.2.1&auto=format&fit=crop&w=800&q=60,0,29
https://images.unsplash.com/photo-1524114664604-cd8133cd67ad?ixid=MnwxMjA3fDB8MHxzZWFyY2h8Nzd8fGNoaWNrZW4lMjBmb29kfGVufDB8fDB8fA%3D%3D&ixlib=rb-1.2.1&auto=format&fit=crop&w=800&q=60,0,29
https://images.unsplash.com/photo-1514536958296-436f46226e74?ixid=MnwxMjA3fDB8MHxzZWFyY2h8MTI2fHxjaGlja2VuJTIwZm9vZHxlbnwwfHwwfHw%3D&ixlib=rb-1.2.1&auto=format&fit=crop&w=800&q=60,0,29
https://images.unsplash.com/photo-1484344958632-f7264ab71ecc?ixid=MnwxMjA3fDB8MHxzZWFyY2h8MjQxfHxjaGlja2VuJTIwZm9vZHxlbnwwfHwwfHw%3D&ixlib=rb-1.2.1&auto=format&fit=crop&w=800&q=60,0,29
https://images.unsplash.com/photo-1614343884642-8964dff0a4a3?ixid=MnwxMjA3fDB8MHxzZWFyY2h8Mjd8fGJhZ3VldHRlfGVufDB8fDB8fA%3D%3D&ixlib=rb-1.2.1&auto=format&fit=crop&w=800&q=60,1,30
https://images.unsplash.com/photo-1554475659-9fd915c8f156?ixid=MnwxMjA3fDB8MHxzZWFyY2h8MXx8YmFndWV0dGV8ZW58MHx8MHx8&ixlib=rb-1.2.1&auto=format&fit=crop&w=800&q=60,0,30
https://images.unsplash.com/photo-1509722747041-616f39b57569?ixid=MnwxMjA3fDB8MHxzZWFyY2h8M3x8YmFndWV0dGV8ZW58MHx8MHx8&ixlib=rb-1.2.1&auto=format&fit=crop&w=800&q=60,0,30
https://images.unsplash.com/photo-1550507992-eb63ffee0847?ixid=MnwxMjA3fDB8MHxzZWFyY2h8MTB8fGJhZ3VldHRlfGVufDB8fDB8fA%3D%3D&ixlib=rb-1.2.1&auto=format&fit=crop&w=800&q=60,0,30
https://images.unsplash.com/reserve/jCCsCae7RwCDOKTCA2Ji_reggeli%20-%20sonk%C3%A1s%20szendvics.JPG?ixid=MnwxMjA3fDB8MHxzZWFyY2h8MjJ8fGJhZ3VldHRlfGVufDB8fDB8fA%3D%3D&ixlib=rb-1.2.1&auto=format&fit=crop&w=800&q=60,0,30
https://images.unsplash.com/photo-1506083225678-4a6bff7a0259?ixid=MnwxMjA3fDB8MHxzZWFyY2h8MTV8fGJhZ3VldHRlfGVufDB8fDB8fA%3D%3D&ixlib=rb-1.2.1&auto=format&fit=crop&w=800&q=60,1,31
https://images.unsplash.com/photo-1617460183253-efa93bd63a10?ixid=MnwxMjA3fDB8MHxzZWFyY2h8MjR8fGJhZ3VldHRlfGVufDB8fDB8fA%3D%3D&ixlib=rb-1.2.1&auto=format&fit=crop&w=800&q=60,0,31
https://images.unsplash.com/photo-1462837019796-6f0204b48d95?ixid=MnwxMjA3fDB8MHxzZWFyY2h8Mzd8fGJhZ3VldHRlfGVufDB8fDB8fA%3D%3D&ixlib=rb-1.2.1&auto=format&fit=crop&w=800&q=60,0,31
https://images.unsplash.com/photo-1541709521-b9bae54e4aae?ixid=MnwxMjA3fDB8MHxzZWFyY2h8NDV8fGJhZ3VldHRlfGVufDB8fDB8fA%3D%3D&ixlib=rb-1.2.1&auto=format&fit=crop&w=800&q=60,0,31
https://images.unsplash.com/photo-1583072587127-2b8dd1dc915d?ixid=MnwxMjA3fDB8MHxzZWFyY2h8NDZ8fGJhZ3VldHRlfGVufDB8fDB8fA%3D%3D&ixlib=rb-1.2.1&auto=format&fit=crop&w=800&q=60,0,31
https://images.unsplash.com/photo-1580651315530-69c8e0026377?ixid=MnwxMjA3fDB8MHxzZWFyY2h8MXx8dHRlb2tib2traXxlbnwwfHwwfHw%3D&ixlib=rb-1.2.1&auto=format&fit=crop&w=800&q=60,1,32
https://cdnweb01.wikitree.co.kr/webdata/editor/202007/08/img_20200708161012_36c97054.webp,0,32
https://encrypted-tbn0.gstatic.com/images?q=tbn:ANd9GcRQC5PqXG6h-MKCKMnzFAY3cUAmb9UtbeWydPO7gH2riaTIGsP9MaS_XH46lP9nTtdRGqg&usqp=CAU,0,32
https://upload.wikimedia.org/wikipedia/commons/8/8b/2020-04-09_14.48.23_%EC%97%84%EC%B2%AD%EB%82%9C%EB%96%A1%EB%B3%B6%EC%9D%B4_%EB%96%A1%EB%B3%B6%EC%9D%B4.jpg,0,32
https://cdnweb01.wikitree.co.kr/webdata/editor/202007/08/img_20200708161012_36c97054.webp,0,32
https://images.unsplash.com/photo-1565733618599-cb82f14f34ac?ixid=MnwxMjA3fDB8MHxzZWFyY2h8Mnx8ZnJpZWQlMjBmb29kfGVufDB8fDB8fA%3D%3D&ixlib=rb-1.2.1&auto=format&fit=crop&w=800&q=60,1,33
https://images.unsplash.com/photo-1564669656992-4d7466b1e8b4?ixid=MnwxMjA3fDB8MHxzZWFyY2h8M3x8ZnJpZWQlMjBmb29kfGVufDB8fDB8fA%3D%3D&ixlib=rb-1.2.1&auto=format&fit=crop&w=800&q=60,0,33
https://images.unsplash.com/photo-1587606381492-7586d66a04a5?ixid=MnwxMjA3fDB8MHxzZWFyY2h8NHx8ZnJpZWQlMjBmb29kfGVufDB8fDB8fA%3D%3D&ixlib=rb-1.2.1&auto=format&fit=crop&w=800&q=60,0,33
https://images.unsplash.com/photo-1595777358789-36e99912ccb8?ixid=MnwxMjA3fDB8MHxzZWFyY2h8NTV8fGZyaWVkJTIwZm9vZHxlbnwwfHwwfHw%3D&ixlib=rb-1.2.1&auto=format&fit=crop&w=800&q=60,0,33
https://images.unsplash.com/photo-1619684269684-6a3f2ffa8971?ixid=MnwxMjA3fDB8MHxzZWFyY2h8Nzd8fGZyaWVkJTIwZm9vZHxlbnwwfHwwfHw%3D&ixlib=rb-1.2.1&auto=format&fit=crop&w=800&q=60,0,33
https://images.unsplash.com/photo-1567165805743-9537497b9341?ixid=MnwxMjA3fDB8MHxzZWFyY2h8MTJ8fGZyaWVkJTIwZm9vZHxlbnwwfHwwfHw%3D&ixlib=rb-1.2.1&auto=format&fit=crop&w=800&q=60,1,34
https://images.unsplash.com/photo-1581073766947-e8f3ef5393a4?ixid=MnwxMjA3fDB8MHxzZWFyY2h8Nzh8fGZyaWVkJTIwZm9vZHxlbnwwfHwwfHw%3D&ixlib=rb-1.2.1&auto=format&fit=crop&w=800&q=60,0,34
https://images.unsplash.com/photo-1548340748-6d2b7d7da280?ixid=MnwxMjA3fDB8MHxzZWFyY2h8MXx8ZnJpZWQlMjBmb29kfGVufDB8fDB8fA%3D%3D&ixlib=rb-1.2.1&auto=format&fit=crop&w=800&q=60,0,34
https://images.unsplash.com/photo-1562967915-92ae0c320a01?ixid=MnwxMjA3fDB8MHxzZWFyY2h8MzN8fGZyaWVkJTIwZm9vZHxlbnwwfHwwfHw%3D&ixlib=rb-1.2.1&auto=format&fit=crop&w=800&q=60,0,34
https://images.unsplash.com/photo-1600339240932-226cff938b4f?ixid=MnwxMjA3fDB8MHxzZWFyY2h8MzZ8fGZyaWVkJTIwZm9vZHxlbnwwfHwwfHw%3D&ixlib=rb-1.2.1&auto=format&fit=crop&w=800&q=60,0,34
https://images.unsplash.com/photo-1608731000998-edda6a6ae1f3?ixid=MnwxMjA3fDB8MHxzZWFyY2h8Mzd8fHJvbGx8ZW58MHx8MHx8&ixlib=rb-1.2.1&auto=format&fit=crop&w=800&q=60,1,35
https://images.unsplash.com/photo-1562158147-f8d6fbcd76f8?ixid=MnwxMjA3fDB8MHxzZWFyY2h8MXx8cm9sbHxlbnwwfHwwfHw%3D&ixlib=rb-1.2.1&auto=format&fit=crop&w=800&q=60,0,35
https://images.unsplash.com/photo-1608731002187-d3448d224d18?ixid=MnwxMjA3fDB8MHxzZWFyY2h8OXx8cm9sbHxlbnwwfHwwfHw%3D&ixlib=rb-1.2.1&auto=format&fit=crop&w=800&q=60,0,35
https://images.unsplash.com/photo-1548907368-35e5ea8cbc8a?ixid=MnwxMjA3fDB8MHxzZWFyY2h8MTl8fHJvbGx8ZW58MHx8MHx8&ixlib=rb-1.2.1&auto=format&fit=crop&w=800&q=60,0,35
https://images.unsplash.com/photo-1608731001805-187e9c904388?ixlib=rb-1.2.1&ixid=MnwxMjA3fDB8MHxzZWFyY2h8MzZ8fHJvbGx8ZW58MHx8MHx8&auto=format&fit=crop&w=800&q=60,0,35
https://images.unsplash.com/photo-1568716508386-cda5cdec6827?ixid=MnwxMjA3fDB8MHxzZWFyY2h8MXx8cmljZSUyMG5vb2RsZXxlbnwwfHwwfHw%3D&ixlib=rb-1.2.1&auto=format&fit=crop&w=800&q=60,1,36
https://images.unsplash.com/photo-1501200040150-4d65c94e8f21?ixid=MnwxMjA3fDB8MHxzZWFyY2h8OXx8cmljZSUyMG5vb2RsZXxlbnwwfHwwfHw%3D&ixlib=rb-1.2.1&auto=format&fit=crop&w=800&q=60,0,36
https://images.unsplash.com/photo-1570368336224-455084c1fb31?ixid=MnwxMjA3fDB8MHxzZWFyY2h8NDF8fHJpY2UlMjBub29kbGV8ZW58MHx8MHx8&ixlib=rb-1.2.1&auto=format&fit=crop&w=800&q=60,0,36
https://images.unsplash.com/photo-1582878826629-29b7ad1cdc43?ixid=MnwxMjA3fDB8MHxzZWFyY2h8MTY2fHxyaWNlJTIwbm9vZGxlfGVufDB8fDB8fA%3D%3D&ixlib=rb-1.2.1&auto=format&fit=crop&w=800&q=60,0,36
https://images.unsplash.com/photo-1633352615955-f0c99e8b7e5a?ixid=MnwxMjA3fDB8MHxzZWFyY2h8MTgwfHxyaWNlJTIwbm9vZGxlfGVufDB8fDB8fA%3D%3D&ixlib=rb-1.2.1&auto=format&fit=crop&w=800&q=60,0,36
https://images.unsplash.com/photo-1551462147-ff29053bfc14?ixid=MnwxMjA3fDB8MHxzZWFyY2h8N3x8cGFzdGF8ZW58MHx8MHx8&ixlib=rb-1.2.1&auto=format&fit=crop&w=800&q=60,1,37
https://images.unsplash.com/photo-1546549032-9571cd6b27df?ixid=MnwxMjA3fDB8MHxzZWFyY2h8MXx8cGFzdGF8ZW58MHx8MHx8&ixlib=rb-1.2.1&auto=format&fit=crop&w=800&q=60,0,37
https://images.unsplash.com/photo-1516100882582-96c3a05fe590?ixid=MnwxMjA3fDB8MHxzZWFyY2h8MTZ8fHBhc3RhfGVufDB8fDB8fA%3D%3D&ixlib=rb-1.2.1&auto=format&fit=crop&w=800&q=60,0,37
https://images.unsplash.com/photo-1481931098730-318b6f776db0?ixlib=rb-1.2.1&ixid=MnwxMjA3fDB8MHxzZWFyY2h8MjB8fHBhc3RhfGVufDB8fDB8fA%3D%3D&auto=format&fit=crop&w=800&q=60,0,37
https://images.unsplash.com/photo-1552056776-9b5657118ca4?ixid=MnwxMjA3fDB8MHxzZWFyY2h8Mzl8fHBhc3RhfGVufDB8fDB8fA%3D%3D&ixlib=rb-1.2.1&auto=format&fit=crop&w=800&q=60,0,37
https://images.unsplash.com/photo-1612966874574-e0a92ad2bc43?ixid=MnwxMjA3fDB8MHxzZWFyY2h8NTJ8fHBhc3RhfGVufDB8fDB8fA%3D%3D&ixlib=rb-1.2.1&auto=format&fit=crop&w=800&q=60,1,38
https://images.unsplash.com/photo-1567608285969-48e4bbe0d399?ixid=MnwxMjA3fDB8MHxzZWFyY2h8NDl8fHBhc3RhfGVufDB8fDB8fA%3D%3D&ixlib=rb-1.2.1&auto=format&fit=crop&w=800&q=60,0,38
https://images.unsplash.com/photo-1608334481162-bba440193a20?ixid=MnwxMjA3fDB8MHxzZWFyY2h8NTV8fHBhc3RhfGVufDB8fDB8fA%3D%3D&ixlib=rb-1.2.1&auto=format&fit=crop&w=800&q=60,0,38
https://images.unsplash.com/photo-1611280422374-fa3c1110c16e?ixid=MnwxMjA3fDB8MHxzZWFyY2h8NjN8fHBhc3RhfGVufDB8fDB8fA%3D%3D&ixlib=rb-1.2.1&auto=format&fit=crop&w=800&q=60,0,38
https://images.unsplash.com/photo-1626078293133-44be0083dc37?ixid=MnwxMjA3fDB8MHxzZWFyY2h8NjZ8fHBhc3RhfGVufDB8fDB8fA%3D%3D&ixlib=rb-1.2.1&auto=format&fit=crop&w=800&q=60,0,38
https://images.unsplash.com/photo-1614961234274-f204d01c115e?ixid=MnwxMjA3fDB8MHxzZWFyY2h8NHx8Y2VyZWFsfGVufDB8fDB8fA%3D%3D&ixlib=rb-1.2.1&auto=format&fit=crop&w=800&q=60,1,39
https://images.unsplash.com/photo-1574156814151-ed649f815f4c?ixid=MnwxMjA3fDB8MHxzZWFyY2h8OXx8Y2VyZWFsfGVufDB8fDB8fA%3D%3D&ixlib=rb-1.2.1&auto=format&fit=crop&w=800&q=60,0,39
https://images.unsplash.com/photo-1578520968694-56084f43d79d?ixid=MnwxMjA3fDB8MHxzZWFyY2h8MTR8fGNlcmVhbHxlbnwwfHwwfHw%3D&ixlib=rb-1.2.1&auto=format&fit=crop&w=800&q=60,0,39
https://images.unsplash.com/photo-1574157654834-4028181ccaa5?ixid=MnwxMjA3fDB8MHxzZWFyY2h8MTl8fGNlcmVhbHxlbnwwfHwwfHw%3D&ixlib=rb-1.2.1&auto=format&fit=crop&w=800&q=60,0,39
https://images.unsplash.com/photo-1552320764-9fc870798a3f?ixid=MnwxMjA3fDB8MHxzZWFyY2h8MjR8fGNlcmVhbHxlbnwwfHwwfHw%3D&ixlib=rb-1.2.1&auto=format&fit=crop&w=800&q=60,0,39
https://images.unsplash.com/photo-1571748982800-fa51082c2224?ixid=MnwxMjA3fDB8MHxzZWFyY2h8MTV8fGNlcmVhbHxlbnwwfHwwfHw%3D&ixlib=rb-1.2.1&auto=format&fit=crop&w=800&q=60,1,40
https://images.unsplash.com/photo-1571750007475-09cc42b58613?ixid=MnwxMjA3fDB8MHxzZWFyY2h8MjJ8fGNlcmVhbHxlbnwwfHwwfHw%3D&ixlib=rb-1.2.1&auto=format&fit=crop&w=800&q=60,0,40
https://images.unsplash.com/photo-1621919472462-6db865a003e4?ixid=MnwxMjA3fDB8MHxzZWFyY2h8MjN8fGNlcmVhbHxlbnwwfHwwfHw%3D&ixlib=rb-1.2.1&auto=format&fit=crop&w=800&q=60,0,40
https://images.unsplash.com/photo-1614961233913-a5113a4a34ed?ixid=MnwxMjA3fDB8MHxzZWFyY2h8MzN8fGNlcmVhbHxlbnwwfHwwfHw%3D&ixlib=rb-1.2.1&auto=format&fit=crop&w=800&q=60,0,40
https://images.unsplash.com/photo-1504712598893-24159a89200e?ixlib=rb-1.2.1&ixid=MnwxMjA3fDB8MHxzZWFyY2h8NDJ8fGNlcmVhbHxlbnwwfHwwfHw%3D&auto=format&fit=crop&w=800&q=60,0,40
https://images.unsplash.com/photo-1626020675290-ee0548b806e3?ixid=MnwxMjA3fDB8MHxzZWFyY2h8Mjh8fGNlcmVhbHxlbnwwfHwwfHw%3D&ixlib=rb-1.2.1&auto=format&fit=crop&w=800&q=60,1,41
https://images.unsplash.com/photo-1585374283571-f4e1b2c33cb2?ixid=MnwxMjA3fDB8MHxzZWFyY2h8MTc0fHxjZXJlYWx8ZW58MHx8MHx8&ixlib=rb-1.2.1&auto=format&fit=crop&w=800&q=60,0,41
https://images.unsplash.com/photo-1581515286364-d47e468ab4ce?ixid=MnwxMjA3fDB8MHxzZWFyY2h8MTc3fHxjZXJlYWx8ZW58MHx8MHx8&ixlib=rb-1.2.1&auto=format&fit=crop&w=800&q=60,0,41
https://images.unsplash.com/photo-1512258068790-2135b2d44a36?ixid=MnwxMjA3fDB8MHxzZWFyY2h8MTc4fHxjZXJlYWx8ZW58MHx8MHx8&ixlib=rb-1.2.1&auto=format&fit=crop&w=800&q=60,0,41
https://images.unsplash.com/photo-1526127230111-0197afe94d72?ixid=MnwxMjA3fDB8MHxzZWFyY2h8MTg4fHxjZXJlYWx8ZW58MHx8MHx8&ixlib=rb-1.2.1&auto=format&fit=crop&w=800&q=60,0,41
https://images.unsplash.com/photo-1528751014936-863e6e7a319c?ixlib=rb-1.2.1&ixid=MnwxMjA3fDB8MHxzZWFyY2h8Mnx8cG90YXRvJTIwY2hpcHxlbnwwfHwwfHw%3D&auto=format&fit=crop&w=800&q=60,1,42
https://images.unsplash.com/photo-1612739406461-8b8a9bf06996?ixid=MnwxMjA3fDB8MHxzZWFyY2h8MTJ8fHBvdGF0byUyMGNoaXB8ZW58MHx8MHx8&ixlib=rb-1.2.1&auto=format&fit=crop&w=800&q=60,0,42
https://images.unsplash.com/photo-1596270426098-f62225cb9dd0?ixid=MnwxMjA3fDB8MHxzZWFyY2h8NTh8fHBvdGF0byUyMGNoaXB8ZW58MHx8MHx8&ixlib=rb-1.2.1&auto=format&fit=crop&w=800&q=60,0,42
https://images.unsplash.com/photo-1610933895213-1354c2494e29?ixid=MnwxMjA3fDB8MHxzZWFyY2h8Nzd8fHBvdGF0byUyMGNoaXB8ZW58MHx8MHx8&ixlib=rb-1.2.1&auto=format&fit=crop&w=800&q=60,0,42
https://images.unsplash.com/photo-1576642589533-e97a22f9dadc?ixlib=rb-1.2.1&ixid=MnwxMjA3fDB8MHxzZWFyY2h8Mzh8fHBvdGF0byUyMGNoaXB8ZW58MHx8MHx8&auto=format&fit=crop&w=800&q=60,0,42
https://images.unsplash.com/photo-1573050329989-9c2509328687?ixid=MnwxMjA3fDB8MHxzZWFyY2h8MjR8fGRvbnV0fGVufDB8fDB8fA%3D%3D&ixlib=rb-1.2.1&auto=format&fit=crop&w=800&q=60,1,43
https://images.unsplash.com/photo-1589199750869-334ae4187406?ixid=MnwxMjA3fDB8MHxzZWFyY2h8Mjh8fGRvbnV0fGVufDB8fDB8fA%3D%3D&ixlib=rb-1.2.1&auto=format&fit=crop&w=800&q=60,0,43
https://images.unsplash.com/photo-1577550312791-1cacc3cffc8a?ixid=MnwxMjA3fDB8MHxzZWFyY2h8NDd8fGRvbnV0fGVufDB8fDB8fA%3D%3D&ixlib=rb-1.2.1&auto=format&fit=crop&w=800&q=60,0,43
https://images.unsplash.com/photo-1558745010-d2a3c21762ab?ixid=MnwxMjA3fDB8MHxzZWFyY2h8ODB8fGRvbnV0fGVufDB8fDB8fA%3D%3D&ixlib=rb-1.2.1&auto=format&fit=crop&w=800&q=60,0,43
https://images.unsplash.com/photo-1613244469130-2b0490a87266?ixid=MnwxMjA3fDB8MHxzZWFyY2h8OTZ8fGRvbnV0fGVufDB8fDB8fA%3D%3D&ixlib=rb-1.2.1&auto=format&fit=crop&w=800&q=60,0,43
https://images.unsplash.com/photo-1534882406436-6b6b0152efae?ixlib=rb-1.2.1&ixid=MnwxMjA3fDB8MHxzZWFyY2h8NDd8fGNoaWNrZW4lMjBjaGlwfGVufDB8fDB8fA%3D%3D&auto=format&fit=crop&w=800&q=60,1,44
https://images.unsplash.com/photo-1627662055487-551888db3aa8?ixid=MnwxMjA3fDB8MHxzZWFyY2h8MjB8fGNoaWNrZW4lMjBjaGlwfGVufDB8fDB8fA%3D%3D&ixlib=rb-1.2.1&auto=format&fit=crop&w=800&q=60,0,44
https://images.unsplash.com/photo-1599490659213-e2b9527bd087?ixid=MnwxMjA3fDB8MHxwaG90by1yZWxhdGVkfDV8fHxlbnwwfHx8fA%3D%3D&ixlib=rb-1.2.1&auto=format&fit=crop&w=800&q=60,0,44
https://images.unsplash.com/photo-1523634700860-90d0ef74f137?ixlib=rb-1.2.1&ixid=MnwxMjA3fDB8MHxwaG90by1yZWxhdGVkfDIwfHx8ZW58MHx8fHw%3D&auto=format&fit=crop&w=800&q=60,0,44
https://images.unsplash.com/photo-1599490659101-963323d1da50?ixid=MnwxMjA3fDB8MHxwaG90by1yZWxhdGVkfDN8fHxlbnwwfHx8fA%3D%3D&ixlib=rb-1.2.1&auto=format&fit=crop&w=800&q=60,0,44
https://media.istockphoto.com/photos/salty-snacks-assortment-isolated-on-white-background-picture-id1263013701?b=1&k=20&m=1263013701&s=170667a&w=0&h=GpA3F50i_BJB2mHjns2rPTxZUzWn_kzF4yDDoLyjpMA=,1,45
https://media.istockphoto.com/photos/assorted-nuts-in-plastic-containers-on-a-counter-in-a-bright-modern-picture-id1310833061?b=1&k=20&m=1310833061&s=170667a&w=0&h=N_R3D6RkOQKQODgDSFRPTMZnX8dAsjcQO96JFByhHus=,0,45
https://images.unsplash.com/photo-1621447504864-d8686e12698c?ixlib=rb-1.2.1&ixid=MnwxMjA3fDB8MHxzZWFyY2h8MTR8fHNuYWNrc3xlbnwwfHwwfHw%3D&auto=format&fit=crop&w=800&q=60,0,45
https://images.unsplash.com/photo-1599493356626-9fdbdabfd9bd?ixid=MnwxMjA3fDB8MHxzZWFyY2h8Mzd8fHNuYWNrc3xlbnwwfHwwfHw%3D&ixlib=rb-1.2.1&auto=format&fit=crop&w=800&q=60,0,45
https://images.unsplash.com/photo-1589357708707-6dac3c25a428?ixid=MnwxMjA3fDB8MHxzZWFyY2h8MzV8fHNuYWNrc3xlbnwwfHwwfHw%3D&ixlib=rb-1.2.1&auto=format&fit=crop&w=800&q=60,0,45
https://images.unsplash.com/photo-1617130094141-532436117aa1?ixid=MnwxMjA3fDB8MHxzZWFyY2h8NHx8c3dlZXQlMjBwb3RhdG98ZW58MHx8MHx8&ixlib=rb-1.2.1&auto=format&fit=crop&w=800&q=60,1,46
https://images.unsplash.com/photo-1584699006710-3ad3b82fce7f?ixid=MnwxMjA3fDB8MHxwaG90by1wYWdlfHx8fGVufDB8fHx8&ixlib=rb-1.2.1&auto=format&fit=crop&w=1770&q=80,0,46
https://images.unsplash.com/photo-1579123521334-44e68095cd7a?ixid=MnwxMjA3fDB8MHxzZWFyY2h8N3x8c3dlZXQlMjBwb3RhdG98ZW58MHx8MHx8&ixlib=rb-1.2.1&auto=format&fit=crop&w=800&q=60,0,46
https://images.unsplash.com/photo-1570723735746-c9bd51bd7c40?ixid=MnwxMjA3fDB8MHxzZWFyY2h8M3x8c3dlZXQlMjBwb3RhdG98ZW58MHx8MHx8&ixlib=rb-1.2.1&auto=format&fit=crop&w=800&q=60,0,46
https://images.unsplash.com/photo-1579123521334-44e68095cd7a?ixid=MnwxMjA3fDB8MHxzZWFyY2h8N3x8c3dlZXQlMjBwb3RhdG98ZW58MHx8MHx8&ixlib=rb-1.2.1&auto=format&fit=crop&w=800&q=60,0,46
https://images.unsplash.com/photo-1516448620398-c5f44bf9f441?ixid=MnwxMjA3fDB8MHxzZWFyY2h8M3x8ZWdnfGVufDB8fDB8fA%3D%3D&ixlib=rb-1.2.1&auto=format&fit=crop&w=800&q=60,1,47
https://images.unsplash.com/photo-1577111426685-1b46c38b90f5?ixid=MnwxMjA3fDB8MHxzZWFyY2h8Nnx8ZWdnfGVufDB8fDB8fA%3D%3D&ixlib=rb-1.2.1&auto=format&fit=crop&w=800&q=60,0,47
https://images.unsplash.com/photo-1584448629272-b7246d6e75f0?ixid=MnwxMjA3fDB8MHxzZWFyY2h8MTJ8fGVnZ3xlbnwwfHwwfHw%3D&ixlib=rb-1.2.1&auto=format&fit=crop&w=800&q=60,0,47
https://images.unsplash.com/photo-1598831704166-85d941c348c8?ixid=MnwxMjA3fDB8MHxzZWFyY2h8NXx8ZWdnfGVufDB8fDB8fA%3D%3D&ixlib=rb-1.2.1&auto=format&fit=crop&w=800&q=60,0,47
https://images.unsplash.com/photo-1617611647086-bccca8c2cf84?ixid=MnwxMjA3fDB8MHxzZWFyY2h8MTZ8fGVnZ3xlbnwwfHwwfHw%3D&ixlib=rb-1.2.1&auto=format&fit=crop&w=800&q=60,0,47
https://images.unsplash.com/photo-1596097557993-8e4dea0ac47b?ixid=MnwxMjA3fDB8MHxzZWFyY2h8Mjh8fHN3ZWV0JTIwcG90YXRvfGVufDB8fDB8fA%3D%3D&ixlib=rb-1.2.1&auto=format&fit=crop&w=800&q=60,1,48
https://images.unsplash.com/photo-1580150647603-497ef0c8e990?ixid=MnwxMjA3fDB8MHxzZWFyY2h8MzV8fHN3ZWV0JTIwcG90YXRvfGVufDB8fDB8fA%3D%3D&ixlib=rb-1.2.1&auto=format&fit=crop&w=800&q=60,0,48
https://images.unsplash.com/photo-1579384264577-79580c9d3a36?ixid=MnwxMjA3fDB8MHxzZWFyY2h8Mjl8fHN3ZWV0JTIwcG90YXRvfGVufDB8fDB8fA%3D%3D&ixlib=rb-1.2.1&auto=format&fit=crop&w=800&q=60,0,48
https://images.unsplash.com/photo-1596097558091-548313ceb129?ixid=MnwxMjA3fDB8MHxzZWFyY2h8NDJ8fHN3ZWV0JTIwcG90YXRvfGVufDB8fDB8fA%3D%3D&ixlib=rb-1.2.1&auto=format&fit=crop&w=800&q=60,0,48
https://images.unsplash.com/photo-1599975744981-48d63c8f38af?ixid=MnwxMjA3fDB8MHxzZWFyY2h8NDh8fHN3ZWV0JTIwcG90YXRvfGVufDB8fDB8fA%3D%3D&ixlib=rb-1.2.1&auto=format&fit=crop&w=800&q=60,0,48
https://images.unsplash.com/photo-1478234353333-b69f80bac112?ixid=MnwxMjA3fDB8MHxzZWFyY2h8MTF8fGF1dHVtbiUyMHNxdWFzaHxlbnwwfHwwfHw%3D&ixlib=rb-1.2.1&auto=format&fit=crop&w=800&q=60,1,49
https://images.unsplash.com/photo-1477158495463-8540ab8b7d6d?ixid=MnwxMjA3fDB8MHxzZWFyY2h8MTR8fGF1dHVtbiUyMHNxdWFzaHxlbnwwfHwwfHw%3D&ixlib=rb-1.2.1&auto=format&fit=crop&w=800&q=60,0,49
https://images.unsplash.com/photo-1508042397809-63f3040a519f?ixid=MnwxMjA3fDB8MHxzZWFyY2h8MjV8fGF1dHVtbiUyMHNxdWFzaHxlbnwwfHwwfHw%3D&ixlib=rb-1.2.1&auto=format&fit=crop&w=800&q=60,0,49
https://images.unsplash.com/photo-1528496237352-2cb43f05806d?ixid=MnwxMjA3fDB8MHxzZWFyY2h8M3x8c3F1YXNofGVufDB8fDB8fA%3D%3D&ixlib=rb-1.2.1&auto=format&fit=crop&w=800&q=60,0,49
https://images.unsplash.com/photo-1533924049770-7c32435557c5?ixid=MnwxMjA3fDB8MHxzZWFyY2h8OXx8c3F1YXNofGVufDB8fDB8fA%3D%3D&ixlib=rb-1.2.1&auto=format&fit=crop&w=800&q=60,0,49
https://images.unsplash.com/photo-1531988254127-a3e045de15ca?ixid=MnwxMjA3fDB8MHxzZWFyY2h8MXx8c2NvbnxlbnwwfHwwfHw%3D&ixlib=rb-1.2.1&auto=format&fit=crop&w=800&q=60,1,50
https://images.unsplash.com/photo-1603548514393-604cdd4a6f84?ixid=MnwxMjA3fDB8MHxzZWFyY2h8M3x8c2NvbnxlbnwwfHwwfHw%3D&ixlib=rb-1.2.1&auto=format&fit=crop&w=800&q=60,0,50
https://encrypted-tbn0.gstatic.com/images?q=tbn:ANd9GcTI5dNng5uCyposJuz_vI7Sg25l1hbYwGq-gg&usqp=CAU,0,50
https://encrypted-tbn0.gstatic.com/images?q=tbn:ANd9GcR3rk3-gb79Q07VhTCkye6ma9kF5NLtT8-OXQ&usqp=CAU,0,50
https://encrypted-tbn0.gstatic.com/images?q=tbn:ANd9GcSCiRDpWFldJeYTzHkG6gnBfVR5YYjh7A1AEw&usqp=CAU,0,50
https://images.unsplash.com/photo-1571877227200-a0d98ea607e9?ixid=MnwxMjA3fDB8MHxzZWFyY2h8M3x8dGlyYW1pc3V8ZW58MHx8MHx8&ixlib=rb-1.2.1&auto=format&fit=crop&w=800&q=60,1,51
https://images.unsplash.com/photo-1568627175551-88ba5b80c0c3?ixid=MnwxMjA3fDB8MHxzZWFyY2h8MTV8fHRpcmFtaXN1fGVufDB8fDB8fA%3D%3D&ixlib=rb-1.2.1&auto=format&fit=crop&w=800&q=60,0,51
https://images.unsplash.com/photo-1631206753348-db44968fd440?ixid=MnwxMjA3fDB8MHxzZWFyY2h8MTd8fHRpcmFtaXN1fGVufDB8fDB8fA%3D%3D&ixlib=rb-1.2.1&auto=format&fit=crop&w=800&q=60,0,51
https://images.unsplash.com/photo-1594356225191-e9b58190cb3a?ixid=MnwxMjA3fDB8MHxzZWFyY2h8MTl8fHRpcmFtaXN1fGVufDB8fDB8fA%3D%3D&ixlib=rb-1.2.1&auto=format&fit=crop&w=800&q=60,0,51
https://images.unsplash.com/photo-1553683309-31c819b485c4?ixid=MnwxMjA3fDB8MHxzZWFyY2h8OHx8dGlyYW1pc3V8ZW58MHx8MHx8&ixlib=rb-1.2.1&auto=format&fit=crop&w=800&q=60,0,51
https://images.unsplash.com/photo-1505394033641-40c6ad1178d7?ixid=MnwxMjA3fDB8MHxzZWFyY2h8MTB8fGljZSUyMGNyZWFtfGVufDB8fDB8fA%3D%3D&ixlib=rb-1.2.1&auto=format&fit=crop&w=800&q=60,1,52
https://images.unsplash.com/photo-1561588012-17a0e1119c0e?ixid=MnwxMjA3fDB8MHxzZWFyY2h8NTd8fGljZSUyMGNyZWFtfGVufDB8fDB8fA%3D%3D&ixlib=rb-1.2.1&auto=format&fit=crop&w=800&q=60,0,52
https://images.unsplash.com/photo-1504380790957-2616a8994f18?ixlib=rb-1.2.1&ixid=MnwxMjA3fDB8MHxzZWFyY2h8MTU2fHxpY2UlMjBjcmVhbXxlbnwwfHwwfHw%3D&auto=format&fit=crop&w=800&q=60,0,52
https://images.unsplash.com/photo-1468769398733-d97298de3a06?ixlib=rb-1.2.1&ixid=MnwxMjA3fDB8MHxzZWFyY2h8MTU4fHxpY2UlMjBjcmVhbXxlbnwwfHwwfHw%3D&auto=format&fit=crop&w=800&q=60,0,52
https://images.unsplash.com/photo-1622887499962-15021674729d?ixlib=rb-1.2.1&ixid=MnwxMjA3fDB8MHxzZWFyY2h8MTc2fHxpY2UlMjBjcmVhbXxlbnwwfHwwfHw%3D&auto=format&fit=crop&w=800&q=60,0,52
https://encrypted-tbn0.gstatic.com/images?q=tbn:ANd9GcS27qMVyuNLc1yDFmM9ymYWKPbqMqH9dxZ3bQ&usqp=CAU,1,53
https://encrypted-tbn0.gstatic.com/images?q=tbn:ANd9GcTbwQWxl8INYS0BXt0CQFcW7kXIKsaz1YJUUQ&usqp=CAU,0,53
https://encrypted-tbn0.gstatic.com/images?q=tbn:ANd9GcSyy_UqD6-YOKYbapZTzoK7Zqg3ftzcaIkD_A&usqp=CAU,0,53
https://encrypted-tbn0.gstatic.com/images?q=tbn:ANd9GcQdB_gj-l1uojm-DOIs5tkpXobifWaQ1CcANw&usqp=CAU,0,53
https://encrypted-tbn0.gstatic.com/images?q=tbn:ANd9GcQ1fC-Iu5s5I_LOZmGAfwP6kBvXrgVzeedn3w&usqp=CAU,0,53
https://images.unsplash.com/photo-1599599810769-bcde5a160d32?ixid=MnwxMjA3fDB8MHxzZWFyY2h8NXx8Y2hvY29sYXRlfGVufDB8fDB8fA%3D%3D&ixlib=rb-1.2.1&auto=format&fit=crop&w=800&q=60,1,54
https://images.unsplash.com/photo-1549007994-cb92caebd54b?ixid=MnwxMjA3fDB8MHxzZWFyY2h8MTR8fGNob2NvbGF0ZXxlbnwwfHwwfHw%3D&ixlib=rb-1.2.1&auto=format&fit=crop&w=800&q=60,0,54
https://images.unsplash.com/photo-1545015451-f05567aa6bcc?ixid=MnwxMjA3fDB8MHxzZWFyY2h8MjF8fGNob2NvbGF0ZXxlbnwwfHwwfHw%3D&ixlib=rb-1.2.1&auto=format&fit=crop&w=800&q=60,0,54
https://images.unsplash.com/photo-1565889673146-8e4d54300269?ixid=MnwxMjA3fDB8MHxzZWFyY2h8Mjl8fGNob2NvbGF0ZXxlbnwwfHwwfHw%3D&ixlib=rb-1.2.1&auto=format&fit=crop&w=800&q=60,0,54
https://images.unsplash.com/photo-1548741487-18d363dc4469?ixid=MnwxMjA3fDB8MHxzZWFyY2h8MzJ8fGNob2NvbGF0ZXxlbnwwfHwwfHw%3D&ixlib=rb-1.2.1&auto=format&fit=crop&w=800&q=60,0,54
https://images.unsplash.com/photo-1633360821154-1935fb5671e6?ixid=MnwxMjA3fDB8MHxzZWFyY2h8MTh8fGVuZXJneSUyMGJhcnxlbnwwfHwwfHw%3D&ixlib=rb-1.2.1&auto=format&fit=crop&w=800&q=60,1,55
https://encrypted-tbn0.gstatic.com/images?q=tbn:ANd9GcT5z0kgBdE6jp_6CPy0HH6zNzr6iZru_yhW9w&usqp=CAU,0,55
https://encrypted-tbn0.gstatic.com/images?q=tbn:ANd9GcRPVguycpaPbaaFPBdvH_F_838TxP-Ya2qJAw&usqp=CAU,0,55
https://encrypted-tbn0.gstatic.com/images?q=tbn:ANd9GcQlOV1FCXTZ75WE1nK1qHC2Owqw_LwIoJIM1A&usqp=CAU,0,55
https://encrypted-tbn0.gstatic.com/images?q=tbn:ANd9GcTFu_p2U-KdQGHbmLOVP420lISPh1G_6tX_2A&usqp=CAU,0,55
https://images.unsplash.com/photo-1598371624473-4d95aca694e3?ixid=MnwxMjA3fDB8MHxzZWFyY2h8ODV8fGRpZXR8ZW58MHx8MHx8&ixlib=rb-1.2.1&auto=format&fit=crop&w=800&q=60,1,56
https://images.unsplash.com/photo-1605024344839-e6e41aea6b23?ixid=MnwxMjA3fDB8MHxzZWFyY2h8Mnx8bnV0c3xlbnwwfHwwfHw%3D&ixlib=rb-1.2.1&auto=format&fit=crop&w=800&q=60,0,56
https://images.unsplash.com/photo-1621470626424-5c3f5fee3269?ixid=MnwxMjA3fDB8MHxzZWFyY2h8MTR8fG51dHN8ZW58MHx8MHx8&ixlib=rb-1.2.1&auto=format&fit=crop&w=800&q=60,0,56
https://images.unsplash.com/photo-1579282940319-c483172dd0f2?ixid=MnwxMjA3fDB8MHxzZWFyY2h8MTV8fG51dHN8ZW58MHx8MHx8&ixlib=rb-1.2.1&auto=format&fit=crop&w=800&q=60,0,56
https://images.unsplash.com/photo-1601966915100-b217f1420977?ixid=MnwxMjA3fDB8MHxzZWFyY2h8MTZ8fG51dHN8ZW58MHx8MHx8&ixlib=rb-1.2.1&auto=format&fit=crop&w=800&q=60,0,56
https://images.unsplash.com/photo-1515543904379-3d757afe72e4?ixid=MnwxMjA3fDB8MHxzZWFyY2h8MXx8Y2hpY2twZWF8ZW58MHx8MHx8&ixlib=rb-1.2.1&auto=format&fit=crop&w=800&q=60,1,57
https://images.unsplash.com/photo-1521763069287-579ca77694e8?ixid=MnwxMjA3fDB8MHxzZWFyY2h8OXx8Y2hpY2twZWF8ZW58MHx8MHx8&ixlib=rb-1.2.1&auto=format&fit=crop&w=800&q=60,0,57
https://images.unsplash.com/photo-1600841877409-04cbeb64457b?ixid=MnwxMjA3fDB8MHxzZWFyY2h8MTh8fGNoaWNrcGVhfGVufDB8fDB8fA%3D%3D&ixlib=rb-1.2.1&auto=format&fit=crop&w=800&q=60,0,57
https://images.unsplash.com/photo-1587033649773-5c231faa21e3?ixid=MnwxMjA3fDB8MHxzZWFyY2h8MTd8fGNoaWNrcGVhfGVufDB8fDB8fA%3D%3D&ixlib=rb-1.2.1&auto=format&fit=crop&w=800&q=60,0,57
https://images.unsplash.com/photo-1631898039981-b5dab492ff2d?ixlib=rb-1.2.1&ixid=MnwxMjA3fDB8MHxzZWFyY2h8NTR8fGNoaWNrcGVhfGVufDB8fDB8fA%3D%3D&auto=format&fit=crop&w=800&q=60,0,57
https://images.unsplash.com/photo-1519420638722-a2a5749c32be?ixid=MnwxMjA3fDB8MHxzZWFyY2h8MTl8fGNoaWx5JTIwc2F1Y2V8ZW58MHx8MHx8&ixlib=rb-1.2.1&auto=format&fit=crop&w=800&q=60,1,58
https://images.unsplash.com/photo-1513844486848-a74cef474924?ixid=MnwxMjA3fDB8MHxzZWFyY2h8MzV8fGNoaWx5JTIwc2F1Y2V8ZW58MHx8MHx8&ixlib=rb-1.2.1&auto=format&fit=crop&w=800&q=60,0,58
https://encrypted-tbn0.gstatic.com/images?q=tbn:ANd9GcSO4yF19XiQux_0YHNYfKUq2my7mFxN42th9Q&usqp=CAU,0,58
https://images.unsplash.com/photo-1617908484187-84ef53cdcede?ixid=MnwxMjA3fDB8MHxzZWFyY2h8MjkwfHxjaGlseSUyMHNhdWNlfGVufDB8fDB8fA%3D%3D&ixlib=rb-1.2.1&auto=format&fit=crop&w=800&q=60,0,58
https://images.unsplash.com/photo-1605365114584-ef2eafc5ed05?ixid=MnwxMjA3fDB8MHxzZWFyY2h8MzIyfHxjaGlseSUyMHNhdWNlfGVufDB8fDB8fA%3D%3D&ixlib=rb-1.2.1&auto=format&fit=crop&w=800&q=60,0,58
https://images.unsplash.com/photo-1590083052217-3c5ca32f3906?ixid=MnwxMjA3fDB8MHxzZWFyY2h8MXx8amFtfGVufDB8fDB8fA%3D%3D&ixlib=rb-1.2.1&auto=format&fit=crop&w=800&q=60,1,59
https://images.unsplash.com/photo-1610393742736-72b0185368dc?ixid=MnwxMjA3fDB8MHxzZWFyY2h8NHx8amFtfGVufDB8fDB8fA%3D%3D&ixlib=rb-1.2.1&auto=format&fit=crop&w=800&q=60,0,59
https://images.unsplash.com/photo-1601782611970-243e38c7049f?ixid=MnwxMjA3fDB8MHxzZWFyY2h8MjJ8fGphbXxlbnwwfHwwfHw%3D&ixlib=rb-1.2.1&auto=format&fit=crop&w=800&q=60,0,59
https://images.unsplash.com/photo-1580756321097-164e0ccb4ddf?ixid=MnwxMjA3fDB8MHxzZWFyY2h8NDR8fGphbXxlbnwwfHwwfHw%3D&ixlib=rb-1.2.1&auto=format&fit=crop&w=800&q=60,0,59
https://images.unsplash.com/photo-1550065273-640cb621fdbe?ixid=MnwxMjA3fDB8MHxzZWFyY2h8NDZ8fGphbXxlbnwwfHwwfHw%3D&ixlib=rb-1.2.1&auto=format&fit=crop&w=800&q=60,0,59
https://images.unsplash.com/photo-1543254077-8bd7c22afbf1?ixid=MnwxMjA3fDB8MHxzZWFyY2h8MXx8bnV0ZWxsYXxlbnwwfHwwfHw%3D&ixlib=rb-1.2.1&auto=format&fit=crop&w=800&q=60,1,60
https://images.unsplash.com/photo-1599239053239-8d1c93749938?ixid=MnwxMjA3fDB8MHxzZWFyY2h8OXx8bnV0ZWxsYXxlbnwwfHwwfHw%3D&ixlib=rb-1.2.1&auto=format&fit=crop&w=800&q=60,0,60
https://images.unsplash.com/photo-1584053386451-f078fff801ae?ixid=MnwxMjA3fDB8MHxzZWFyY2h8NHx8bnV0ZWxsYXxlbnwwfHwwfHw%3D&ixlib=rb-1.2.1&auto=format&fit=crop&w=800&q=60,0,60
https://images.unsplash.com/photo-1618551919718-160e8e761b39?ixid=MnwxMjA3fDB8MHxzZWFyY2h8MTZ8fG51dGVsbGF8ZW58MHx8MHx8&ixlib=rb-1.2.1&auto=format&fit=crop&w=800&q=60,0,60
https://images.unsplash.com/photo-1586722010739-3c30d6675868?ixid=MnwxMjA3fDB8MHxzZWFyY2h8MTd8fG51dGVsbGF8ZW58MHx8MHx8&ixlib=rb-1.2.1&auto=format&fit=crop&w=800&q=60,0,60
https://encrypted-tbn0.gstatic.com/images?q=tbn:ANd9GcQzsAyShkfSIG7dngwEn50ZqmHrLSLYPYiEFQ&usqp=CAU,1,61
https://encrypted-tbn0.gstatic.com/images?q=tbn:ANd9GcTxz4mYLrV1Cf2PHw1BIzUVlp8To5AgOXRzRA&usqp=CAU,0,61
https://encrypted-tbn0.gstatic.com/images?q=tbn:ANd9GcS1HPVWhW_rp32fI5r1hKIx9daczUWfGVL1EA&usqp=CAU,0,61
https://encrypted-tbn0.gstatic.com/images?q=tbn:ANd9GcQBabomYJ6sOLK96DLM9GqwFhNwSlzuHQozLA&usqp=CAU,0,61
https://encrypted-tbn0.gstatic.com/images?q=tbn:ANd9GcS0U8AindTYSIws80X1x6pPoKWx41qxubwbKA&usqp=CAU,0,61
https://images.unsplash.com/photo-1558113583-d75f23fcb8a9?ixid=MnwxMjA3fDB8MHxzZWFyY2h8Nnx8Z3JlZWslMjB5b2d1cnR8ZW58MHx8MHx8&ixlib=rb-1.2.1&auto=format&fit=crop&w=800&q=60,1,62
https://images.unsplash.com/photo-1572041002237-762bdc102cf6?ixid=MnwxMjA3fDB8MHxzZWFyY2h8N3x8Z3JlZWslMjB5b2d1cnR8ZW58MHx8MHx8&ixlib=rb-1.2.1&auto=format&fit=crop&w=800&q=60,0,62
https://images.unsplash.com/photo-1571230389215-b34a89739ef1?ixid=MnwxMjA3fDB8MHxzZWFyY2h8OXx8Z3JlZWslMjB5b2d1cnR8ZW58MHx8MHx8&ixlib=rb-1.2.1&auto=format&fit=crop&w=800&q=60,0,62
https://images.unsplash.com/photo-1531113463068-6f334622d795?ixid=MnwxMjA3fDB8MHxzZWFyY2h8MTN8fGdyZWVrJTIweW9ndXJ0fGVufDB8fDB8fA%3D%3D&ixlib=rb-1.2.1&auto=format&fit=crop&w=800&q=60,0,62
https://images.unsplash.com/photo-1484119117138-9aa37d8eec2a?ixid=MnwxMjA3fDB8MHxzZWFyY2h8MjF8fGdyZWVrJTIweW9ndXJ0fGVufDB8fDB8fA%3D%3D&ixlib=rb-1.2.1&auto=format&fit=crop&w=800&q=60,0,62
https://images.unsplash.com/photo-1536998003793-b13c28fae74b?ixid=MnwxMjA3fDB8MHxzZWFyY2h8MXx8YnVyZG9jayUyMHRlYXxlbnwwfHwwfHw%3D&ixlib=rb-1.2.1&auto=format&fit=crop&w=800&q=60,1,63
https://images.unsplash.com/photo-1507979984302-52087b80c052?ixid=MnwxMjA3fDB8MHxzZWFyY2h8MjF8fGJ1cmRvY2slMjB0ZWF8ZW58MHx8MHx8&ixlib=rb-1.2.1&auto=format&fit=crop&w=800&q=60,0,63
https://images.unsplash.com/photo-1558160074-4d7d8bdf4256?ixid=MnwxMjA3fDB8MHxzZWFyY2h8MTZ8fGJ1cmRvY2slMjB0ZWF8ZW58MHx8MHx8&ixlib=rb-1.2.1&auto=format&fit=crop&w=800&q=60,0,63
https://images.unsplash.com/photo-1531967802777-e0f8fc276609?ixid=MnwxMjA3fDB8MHxzZWFyY2h8Mjl8fGJ1cmRvY2slMjB0ZWF8ZW58MHx8MHx8&ixlib=rb-1.2.1&auto=format&fit=crop&w=800&q=60,0,63
https://images.unsplash.com/photo-1507980062492-714282f31ee0?ixlib=rb-1.2.1&ixid=MnwxMjA3fDB8MHxzZWFyY2h8MzV8fGJ1cmRvY2slMjB0ZWF8ZW58MHx8MHx8&auto=format&fit=crop&w=800&q=60,0,63
https://images.unsplash.com/photo-1555465083-a845797ef750?ixid=MnwxMjA3fDB8MHxzZWFyY2h8MXx8c295JTIwbWlsa3xlbnwwfHwwfHw%3D&ixlib=rb-1.2.1&auto=format&fit=crop&w=800&q=60,1,64
https://images.unsplash.com/photo-1603905179139-db12ab535ca9?ixid=MnwxMjA3fDB8MHxzZWFyY2h8MTB8fHNveSUyMG1pbGt8ZW58MHx8MHx8&ixlib=rb-1.2.1&auto=format&fit=crop&w=800&q=60,0,64
https://images.unsplash.com/photo-1592284441902-bd5fde3e6f87?ixid=MnwxMjA3fDB8MHxzZWFyY2h8OHx8c295JTIwbWlsa3xlbnwwfHwwfHw%3D&ixlib=rb-1.2.1&auto=format&fit=crop&w=800&q=60,0,64
https://images.unsplash.com/photo-1617992372777-f99a4e1668bd?ixid=MnwxMjA3fDB8MHxzZWFyY2h8NHx8c295JTIwbWlsa3xlbnwwfHwwfHw%3D&ixlib=rb-1.2.1&auto=format&fit=crop&w=800&q=60,0,64
https://images.unsplash.com/photo-1528750997573-59b89d56f4f7?ixid=MnwxMjA3fDB8MHxzZWFyY2h8MXx8c295YSUyMG1pbGt8ZW58MHx8MHx8&ixlib=rb-1.2.1&auto=format&fit=crop&w=800&q=60,0,64
https://images.unsplash.com/photo-1624896276654-2eb0c7e8247c?ixid=MnwxMjA3fDB8MHxzZWFyY2h8M3x8aWNldGVhfGVufDB8fDB8fA%3D%3D&ixlib=rb-1.2.1&auto=format&fit=crop&w=800&q=60,1,65
https://images.unsplash.com/photo-1470337458703-46ad1756a187?ixid=MnwxMjA3fDB8MHxzZWFyY2h8MTB8fGljZXRlYXxlbnwwfHwwfHw%3D&ixlib=rb-1.2.1&auto=format&fit=crop&w=800&q=60,0,65
https://images.unsplash.com/photo-1561050933-2482aca2dd64?ixid=MnwxMjA3fDB8MHxzZWFyY2h8Mnx8aWNldGVhfGVufDB8fDB8fA%3D%3D&ixlib=rb-1.2.1&auto=format&fit=crop&w=800&q=60,0,65
https://images.unsplash.com/photo-1597733153207-da49a9c114f6?ixid=MnwxMjA3fDB8MHxzZWFyY2h8MXx8aWNldGVhfGVufDB8fDB8fA%3D%3D&ixlib=rb-1.2.1&auto=format&fit=crop&w=800&q=60,0,65
https://images.unsplash.com/photo-1561050933-2482aca2dd64?ixid=MnwxMjA3fDB8MHxzZWFyY2h8Mnx8aWNldGVhfGVufDB8fDB8fA%3D%3D&ixlib=rb-1.2.1&auto=format&fit=crop&w=800&q=60,0,65
https://images.unsplash.com/photo-1579722821273-0f6c7d44362f?ixlib=rb-1.2.1&ixid=MnwxMjA3fDB8MHxzZWFyY2h8MTV8fHByb3RlaW58ZW58MHx8MHx8&auto=format&fit=crop&w=800&q=60,1,66
https://images.unsplash.com/photo-1606937493279-1961d60f1164?ixid=MnwxMjA3fDB8MHxzZWFyY2h8N3x8cG93ZGVyfGVufDB8fDB8fA%3D%3D&ixlib=rb-1.2.1&auto=format&fit=crop&w=800&q=60,0,66
https://images.unsplash.com/photo-1575487426366-079595af2247?ixid=MnwxMjA3fDB8MHxzZWFyY2h8MTE2fHxwb3dkZXJ8ZW58MHx8MHx8&ixlib=rb-1.2.1&auto=format&fit=crop&w=800&q=60,0,66
https://images.unsplash.com/photo-1579722822163-0504256cf3a7?ixid=MnwxMjA3fDB8MHxzZWFyY2h8Mjd8fHNoYWtlfGVufDB8fDB8fA%3D%3D&ixlib=rb-1.2.1&auto=format&fit=crop&w=800&q=60,0,66
https://images.unsplash.com/photo-1593095948071-474c5cc2989d?ixid=MnwxMjA3fDB8MHxzZWFyY2h8MXx8cG93ZGVyfGVufDB8fDB8fA%3D%3D&ixlib=rb-1.2.1&auto=format&fit=crop&w=800&q=60,0,66
https://images.unsplash.com/photo-1622818425825-1dcdb3a39c30?ixid=MnwxMjA3fDB8MHxzZWFyY2h8MjF8fHByb3RlaW58ZW58MHx8MHx8&ixlib=rb-1.2.1&auto=format&fit=crop&w=800&q=60,1,67
https://images.unsplash.com/photo-1606937493279-1961d60f1164?ixid=MnwxMjA3fDB8MHxzZWFyY2h8N3x8cG93ZGVyfGVufDB8fDB8fA%3D%3D&ixlib=rb-1.2.1&auto=format&fit=crop&w=800&q=60,0,67
https://images.unsplash.com/photo-1575487426366-079595af2247?ixid=MnwxMjA3fDB8MHxzZWFyY2h8MTE2fHxwb3dkZXJ8ZW58MHx8MHx8&ixlib=rb-1.2.1&auto=format&fit=crop&w=800&q=60,0,67
https://images.unsplash.com/photo-1579722822163-0504256cf3a7?ixid=MnwxMjA3fDB8MHxzZWFyY2h8Mjd8fHNoYWtlfGVufDB8fDB8fA%3D%3D&ixlib=rb-1.2.1&auto=format&fit=crop&w=800&q=60,0,67
https://images.unsplash.com/photo-1593095948071-474c5cc2989d?ixid=MnwxMjA3fDB8MHxzZWFyY2h8MXx8cG93ZGVyfGVufDB8fDB8fA%3D%3D&ixlib=rb-1.2.1&auto=format&fit=crop&w=800&q=60,0,67
https://images.unsplash.com/photo-1595348020949-87cdfbb44174?ixid=MnwxMjA3fDB8MHxzZWFyY2h8N3x8cHJvdGVpbnxlbnwwfHwwfHw%3D&ixlib=rb-1.2.1&auto=format&fit=crop&w=800&q=60,1,68
https://images.unsplash.com/photo-1606937493279-1961d60f1164?ixid=MnwxMjA3fDB8MHxzZWFyY2h8N3x8cG93ZGVyfGVufDB8fDB8fA%3D%3D&ixlib=rb-1.2.1&auto=format&fit=crop&w=800&q=60,0,68
https://images.unsplash.com/photo-1575487426366-079595af2247?ixid=MnwxMjA3fDB8MHxzZWFyY2h8MTE2fHxwb3dkZXJ8ZW58MHx8MHx8&ixlib=rb-1.2.1&auto=format&fit=crop&w=800&q=60,0,68
https://images.unsplash.com/photo-1579722822163-0504256cf3a7?ixid=MnwxMjA3fDB8MHxzZWFyY2h8Mjd8fHNoYWtlfGVufDB8fDB8fA%3D%3D&ixlib=rb-1.2.1&auto=format&fit=crop&w=800&q=60,0,68
https://images.unsplash.com/photo-1593095948071-474c5cc2989d?ixid=MnwxMjA3fDB8MHxzZWFyY2h8MXx8cG93ZGVyfGVufDB8fDB8fA%3D%3D&ixlib=rb-1.2.1&auto=format&fit=crop&w=800&q=60,0,68
https://images.unsplash.com/photo-1619302286299-5acffbac3f43?ixid=MnwxMjA3fDB8MHxzZWFyY2h8OXx8cG93ZGVyfGVufDB8fDB8fA%3D%3D&ixlib=rb-1.2.1&auto=format&fit=crop&w=800&q=603,1,69
https://images.unsplash.com/photo-1606937493279-1961d60f1164?ixid=MnwxMjA3fDB8MHxzZWFyY2h8N3x8cG93ZGVyfGVufDB8fDB8fA%3D%3D&ixlib=rb-1.2.1&auto=format&fit=crop&w=800&q=60,0,69
https://images.unsplash.com/photo-1575487426366-079595af2247?ixid=MnwxMjA3fDB8MHxzZWFyY2h8MTE2fHxwb3dkZXJ8ZW58MHx8MHx8&ixlib=rb-1.2.1&auto=format&fit=crop&w=800&q=60,0,69
https://images.unsplash.com/photo-1579722822163-0504256cf3a7?ixid=MnwxMjA3fDB8MHxzZWFyY2h8Mjd8fHNoYWtlfGVufDB8fDB8fA%3D%3D&ixlib=rb-1.2.1&auto=format&fit=crop&w=800&q=60,0,69
https://images.unsplash.com/photo-1593095948071-474c5cc2989d?ixid=MnwxMjA3fDB8MHxzZWFyY2h8MXx8cG93ZGVyfGVufDB8fDB8fA%3D%3D&ixlib=rb-1.2.1&auto=format&fit=crop&w=800&q=60,0,69
https://images.unsplash.com/photo-1585628258140-720fc4038f2b?ixid=MnwxMjA3fDB8MHxzZWFyY2h8MTA2fHxwb3dkZXJ8ZW58MHx8MHx8&ixlib=rb-1.2.1&auto=format&fit=crop&w=800&q=60,1,70
https://images.unsplash.com/photo-1606937493279-1961d60f1164?ixid=MnwxMjA3fDB8MHxzZWFyY2h8N3x8cG93ZGVyfGVufDB8fDB8fA%3D%3D&ixlib=rb-1.2.1&auto=format&fit=crop&w=800&q=60,0,70
https://images.unsplash.com/photo-1575487426366-079595af2247?ixid=MnwxMjA3fDB8MHxzZWFyY2h8MTE2fHxwb3dkZXJ8ZW58MHx8MHx8&ixlib=rb-1.2.1&auto=format&fit=crop&w=800&q=60,0,70
https://images.unsplash.com/photo-1579722822163-0504256cf3a7?ixid=MnwxMjA3fDB8MHxzZWFyY2h8Mjd8fHNoYWtlfGVufDB8fDB8fA%3D%3D&ixlib=rb-1.2.1&auto=format&fit=crop&w=800&q=60,0,70
https://images.unsplash.com/photo-1593095948071-474c5cc2989d?ixid=MnwxMjA3fDB8MHxzZWFyY2h8MXx8cG93ZGVyfGVufDB8fDB8fA%3D%3D&ixlib=rb-1.2.1&auto=format&fit=crop&w=800&q=60,0,70
https://images.unsplash.com/photo-1617992372777-f99a4e1668bd?ixid=MnwxMjA3fDB8MHxzZWFyY2h8NXx8eW9ndXJ0fGVufDB8fDB8fA%3D%3D&ixlib=rb-1.2.1&auto=format&fit=crop&w=800&q=60,1,71
https://images.unsplash.com/photo-1571212515416-fef01fc43637?ixid=MnwxMjA3fDB8MHxzZWFyY2h8MXx8eW9ndXJ0fGVufDB8fDB8fA%3D%3D&ixlib=rb-1.2.1&auto=format&fit=crop&w=800&q=60,0,71
https://images.unsplash.com/photo-1552320764-9fc870798a3f?ixid=MnwxMjA3fDB8MHxzZWFyY2h8Nnx8eW9ndXJ0fGVufDB8fDB8fA%3D%3D&ixlib=rb-1.2.1&auto=format&fit=crop&w=800&q=60,0,71
https://images.unsplash.com/photo-1621797350487-c8996f886ab1?ixid=MnwxMjA3fDB8MHxzZWFyY2h8NDN8fHlvZ3VydHxlbnwwfHwwfHw%3D&ixlib=rb-1.2.1&auto=format&fit=crop&w=800&q=60,0,71
https://images.unsplash.com/photo-1593198232414-72431a1cc506?ixid=MnwxMjA3fDB8MHxzZWFyY2h8NDd8fHlvZ3VydHxlbnwwfHwwfHw%3D&ixlib=rb-1.2.1&auto=format&fit=crop&w=800&q=60,0,71
https://images.unsplash.com/photo-1545587195-a625d872ca82?ixid=MnwxMjA3fDB8MHxzZWFyY2h8MjJ8fHBvd2RlcnxlbnwwfHwwfHw%3D&ixlib=rb-1.2.1&auto=format&fit=crop&w=800&q=60,1,72
https://images.unsplash.com/photo-1571212515416-fef01fc43637?ixid=MnwxMjA3fDB8MHxzZWFyY2h8MXx8eW9ndXJ0fGVufDB8fDB8fA%3D%3D&ixlib=rb-1.2.1&auto=format&fit=crop&w=800&q=60,0,72
https://images.unsplash.com/photo-1552320764-9fc870798a3f?ixid=MnwxMjA3fDB8MHxzZWFyY2h8Nnx8eW9ndXJ0fGVufDB8fDB8fA%3D%3D&ixlib=rb-1.2.1&auto=format&fit=crop&w=800&q=60,0,72
https://images.unsplash.com/photo-1621797350487-c8996f886ab1?ixid=MnwxMjA3fDB8MHxzZWFyY2h8NDN8fHlvZ3VydHxlbnwwfHwwfHw%3D&ixlib=rb-1.2.1&auto=format&fit=crop&w=800&q=60,0,72
https://images.unsplash.com/photo-1593198232414-72431a1cc506?ixid=MnwxMjA3fDB8MHxzZWFyY2h8NDd8fHlvZ3VydHxlbnwwfHwwfHw%3D&ixlib=rb-1.2.1&auto=format&fit=crop&w=800&q=60,0,72
https://images.unsplash.com/photo-1626868180805-47b4296ecc31?ixid=MnwxMjA3fDB8MHxzZWFyY2h8MTR8fHByb2Jpb3RpY3N8ZW58MHx8MHx8&ixlib=rb-1.2.1&auto=format&fit=crop&w=800&q=60,1,73
https://images.unsplash.com/photo-1606937493279-1961d60f1164?ixid=MnwxMjA3fDB8MHxzZWFyY2h8N3x8cG93ZGVyfGVufDB8fDB8fA%3D%3D&ixlib=rb-1.2.1&auto=format&fit=crop&w=800&q=60,0,73
https://images.unsplash.com/photo-1575487426366-079595af2247?ixid=MnwxMjA3fDB8MHxzZWFyY2h8MTE2fHxwb3dkZXJ8ZW58MHx8MHx8&ixlib=rb-1.2.1&auto=format&fit=crop&w=800&q=60,0,73
https://images.unsplash.com/photo-1579722822163-0504256cf3a7?ixid=MnwxMjA3fDB8MHxzZWFyY2h8Mjd8fHNoYWtlfGVufDB8fDB8fA%3D%3D&ixlib=rb-1.2.1&auto=format&fit=crop&w=800&q=60,0,73
https://images.unsplash.com/photo-1593095948071-474c5cc2989d?ixid=MnwxMjA3fDB8MHxzZWFyY2h8MXx8cG93ZGVyfGVufDB8fDB8fA%3D%3D&ixlib=rb-1.2.1&auto=format&fit=crop&w=800&q=60,0,73
https://images.unsplash.com/photo-1627440987437-ffcc11ad4085?ixid=MnwxMjA3fDB8MHxzZWFyY2h8MjF8fHByb2Jpb3RpY3N8ZW58MHx8MHx8&ixlib=rb-1.2.1&auto=format&fit=crop&w=800&q=60,1,74
https://images.unsplash.com/photo-1606937493279-1961d60f1164?ixid=MnwxMjA3fDB8MHxzZWFyY2h8N3x8cG93ZGVyfGVufDB8fDB8fA%3D%3D&ixlib=rb-1.2.1&auto=format&fit=crop&w=800&q=60,0,74
https://images.unsplash.com/photo-1575487426366-079595af2247?ixid=MnwxMjA3fDB8MHxzZWFyY2h8MTE2fHxwb3dkZXJ8ZW58MHx8MHx8&ixlib=rb-1.2.1&auto=format&fit=crop&w=800&q=60,0,74
https://images.unsplash.com/photo-1579722822163-0504256cf3a7?ixid=MnwxMjA3fDB8MHxzZWFyY2h8Mjd8fHNoYWtlfGVufDB8fDB8fA%3D%3D&ixlib=rb-1.2.1&auto=format&fit=crop&w=800&q=60,0,74
https://images.unsplash.com/photo-1593095948071-474c5cc2989d?ixid=MnwxMjA3fDB8MHxzZWFyY2h8MXx8cG93ZGVyfGVufDB8fDB8fA%3D%3D&ixlib=rb-1.2.1&auto=format&fit=crop&w=800&q=60,0,74
https://images.unsplash.com/photo-1608317872980-93b22f5b2dd0?ixid=MnwxMjA3fDB8MHxzZWFyY2h8NTB8fHBvd2RlcnxlbnwwfHwwfHw%3D&ixlib=rb-1.2.1&auto=format&fit=crop&w=800&q=60,1,75
https://images.unsplash.com/photo-1606937493279-1961d60f1164?ixid=MnwxMjA3fDB8MHxzZWFyY2h8N3x8cG93ZGVyfGVufDB8fDB8fA%3D%3D&ixlib=rb-1.2.1&auto=format&fit=crop&w=800&q=60,0,75
https://images.unsplash.com/photo-1575487426366-079595af2247?ixid=MnwxMjA3fDB8MHxzZWFyY2h8MTE2fHxwb3dkZXJ8ZW58MHx8MHx8&ixlib=rb-1.2.1&auto=format&fit=crop&w=800&q=60,0,75
https://images.unsplash.com/photo-1579722822163-0504256cf3a7?ixid=MnwxMjA3fDB8MHxzZWFyY2h8Mjd8fHNoYWtlfGVufDB8fDB8fA%3D%3D&ixlib=rb-1.2.1&auto=format&fit=crop&w=800&q=60,0,75
https://images.unsplash.com/photo-1593095948071-474c5cc2989d?ixid=MnwxMjA3fDB8MHxzZWFyY2h8MXx8cG93ZGVyfGVufDB8fDB8fA%3D%3D&ixlib=rb-1.2.1&auto=format&fit=crop&w=800&q=60,0,75
https://images.unsplash.com/photo-1549504537-57b91460ba7c?ixlib=rb-1.2.1&ixid=MnwxMjA3fDB8MHxwaG90by1wYWdlfHx8fGVufDB8fHx8&auto=format&fit=crop&w=2064&q=80,1,76
https://images.unsplash.com/photo-1608540759788-367646406b82?ixid=MnwxMjA3fDB8MHxzZWFyY2h8MTU3fHxwaWxsc3xlbnwwfHwwfHw%3D&ixlib=rb-1.2.1&auto=format&fit=crop&w=800&q=60,0,76
https://images.unsplash.com/photo-1522426197515-ad17e39de88d?ixid=MnwxMjA3fDB8MHxzZWFyY2h8MTQxfHxwaWxsc3xlbnwwfHwwfHw%3D&ixlib=rb-1.2.1&auto=format&fit=crop&w=800&q=60,0,76
https://images.unsplash.com/photo-1577563651033-ec73e8228a03?ixid=MnwxMjA3fDB8MHxzZWFyY2h8MTE4fHxwaWxsc3xlbnwwfHwwfHw%3D&ixlib=rb-1.2.1&auto=format&fit=crop&w=800&q=60,0,76
https://images.unsplash.com/photo-1512069772995-ec65ed45afd6?ixlib=rb-1.2.1&ixid=MnwxMjA3fDB8MHxzZWFyY2h8MjR8fHBpbGxzfGVufDB8fDB8fA%3D%3D&auto=format&fit=crop&w=800&q=60,0,76
https://images.unsplash.com/photo-1596572934426-52ac4e95e014?ixlib=rb-1.2.1&ixid=MnwxMjA3fDB8MHxzZWFyY2h8ODJ8fHBpbGxzfGVufDB8fDB8fA%3D%3D&auto=format&fit=crop&w=800&q=60,1,77
https://images.unsplash.com/photo-1608540759788-367646406b82?ixid=MnwxMjA3fDB8MHxzZWFyY2h8MTU3fHxwaWxsc3xlbnwwfHwwfHw%3D&ixlib=rb-1.2.1&auto=format&fit=crop&w=800&q=60,0,77
https://images.unsplash.com/photo-1522426197515-ad17e39de88d?ixid=MnwxMjA3fDB8MHxzZWFyY2h8MTQxfHxwaWxsc3xlbnwwfHwwfHw%3D&ixlib=rb-1.2.1&auto=format&fit=crop&w=800&q=60,0,77
https://images.unsplash.com/photo-1577563651033-ec73e8228a03?ixid=MnwxMjA3fDB8MHxzZWFyY2h8MTE4fHxwaWxsc3xlbnwwfHwwfHw%3D&ixlib=rb-1.2.1&auto=format&fit=crop&w=800&q=60,0,77
https://images.unsplash.com/photo-1512069772995-ec65ed45afd6?ixlib=rb-1.2.1&ixid=MnwxMjA3fDB8MHxzZWFyY2h8MjR8fHBpbGxzfGVufDB8fDB8fA%3D%3D&auto=format&fit=crop&w=800&q=60,0,77
https://images.unsplash.com/photo-1596177582967-a5d143a41237?ixid=MnwxMjA3fDB8MHxzZWFyY2h8OTZ8fHBpbGxzfGVufDB8fDB8fA%3D%3D&ixlib=rb-1.2.1&auto=format&fit=crop&w=800&q=60,1,78
https://images.unsplash.com/photo-1608540759788-367646406b82?ixid=MnwxMjA3fDB8MHxzZWFyY2h8MTU3fHxwaWxsc3xlbnwwfHwwfHw%3D&ixlib=rb-1.2.1&auto=format&fit=crop&w=800&q=60,0,78
https://images.unsplash.com/photo-1522426197515-ad17e39de88d?ixid=MnwxMjA3fDB8MHxzZWFyY2h8MTQxfHxwaWxsc3xlbnwwfHwwfHw%3D&ixlib=rb-1.2.1&auto=format&fit=crop&w=800&q=60,0,78
https://images.unsplash.com/photo-1577563651033-ec73e8228a03?ixid=MnwxMjA3fDB8MHxzZWFyY2h8MTE4fHxwaWxsc3xlbnwwfHwwfHw%3D&ixlib=rb-1.2.1&auto=format&fit=crop&w=800&q=60,0,78
https://images.unsplash.com/photo-1512069772995-ec65ed45afd6?ixlib=rb-1.2.1&ixid=MnwxMjA3fDB8MHxzZWFyY2h8MjR8fHBpbGxzfGVufDB8fDB8fA%3D%3D&auto=format&fit=crop&w=800&q=60,0,78
https://images.unsplash.com/photo-1605311090403-5d80b14159ca?ixid=MnwxMjA3fDB8MHxzZWFyY2h8NDIxfHxwaWxsc3xlbnwwfHwwfHw%3D&ixlib=rb-1.2.1&auto=format&fit=crop&w=800&q=60,1,79
https://images.unsplash.com/photo-1608540759788-367646406b82?ixid=MnwxMjA3fDB8MHxzZWFyY2h8MTU3fHxwaWxsc3xlbnwwfHwwfHw%3D&ixlib=rb-1.2.1&auto=format&fit=crop&w=800&q=60,0,79
https://images.unsplash.com/photo-1522426197515-ad17e39de88d?ixid=MnwxMjA3fDB8MHxzZWFyY2h8MTQxfHxwaWxsc3xlbnwwfHwwfHw%3D&ixlib=rb-1.2.1&auto=format&fit=crop&w=800&q=60,0,79
https://images.unsplash.com/photo-1577563651033-ec73e8228a03?ixid=MnwxMjA3fDB8MHxzZWFyY2h8MTE4fHxwaWxsc3xlbnwwfHwwfHw%3D&ixlib=rb-1.2.1&auto=format&fit=crop&w=800&q=60,0,79
https://images.unsplash.com/photo-1512069772995-ec65ed45afd6?ixlib=rb-1.2.1&ixid=MnwxMjA3fDB8MHxzZWFyY2h8MjR8fHBpbGxzfGVufDB8fDB8fA%3D%3D&auto=format&fit=crop&w=800&q=60,0,79
https://images.unsplash.com/photo-1603970880479-8cb2a621e590?ixid=MnwxMjA3fDB8MHxzZWFyY2h8MTgzfHxwaWxsc3xlbnwwfHwwfHw%3D&ixlib=rb-1.2.1&auto=format&fit=crop&w=800&q=60,1,80
https://images.unsplash.com/photo-1608540759788-367646406b82?ixid=MnwxMjA3fDB8MHxzZWFyY2h8MTU3fHxwaWxsc3xlbnwwfHwwfHw%3D&ixlib=rb-1.2.1&auto=format&fit=crop&w=800&q=60,0,80
https://images.unsplash.com/photo-1522426197515-ad17e39de88d?ixid=MnwxMjA3fDB8MHxzZWFyY2h8MTQxfHxwaWxsc3xlbnwwfHwwfHw%3D&ixlib=rb-1.2.1&auto=format&fit=crop&w=800&q=60,0,80
https://images.unsplash.com/photo-1577563651033-ec73e8228a03?ixid=MnwxMjA3fDB8MHxzZWFyY2h8MTE4fHxwaWxsc3xlbnwwfHwwfHw%3D&ixlib=rb-1.2.1&auto=format&fit=crop&w=800&q=60,0,80
https://images.unsplash.com/photo-1512069772995-ec65ed45afd6?ixlib=rb-1.2.1&ixid=MnwxMjA3fDB8MHxzZWFyY2h8MjR8fHBpbGxzfGVufDB8fDB8fA%3D%3D&auto=format&fit=crop&w=800&q=60,0,80
https://images.unsplash.com/photo-1522844990619-4951c40f7eda?ixid=MnwxMjA3fDB8MHxzZWFyY2h8NXx8c2NhbGVzfGVufDB8fDB8fA%3D%3D&ixlib=rb-1.2.1&auto=format&fit=crop&w=800&q=60,1,81
https://images.unsplash.com/photo-1591258370814-01609b341790?ixid=MnwxMjA3fDB8MHxzZWFyY2h8NTh8fGtldHRsZWJlbGx8ZW58MHx8MHx8&ixlib=rb-1.2.1&auto=format&fit=crop&w=800&q=60,0,81
https://images.unsplash.com/photo-1570440828860-44258b18caa7?ixid=MnwxMjA3fDB8MHxzZWFyY2h8MTN8fGtldHRsZWJlbGx8ZW58MHx8MHx8&ixlib=rb-1.2.1&auto=format&fit=crop&w=800&q=60,0,81
https://images.unsplash.com/flagged/photo-1566064352554-f36ef0ef23b2?ixid=MnwxMjA3fDB8MHxzZWFyY2h8Mjl8fGtldHRsZWJlbGx8ZW58MHx8MHx8&ixlib=rb-1.2.1&auto=format&fit=crop&w=800&q=60,0,81
https://images.unsplash.com/photo-1586790167861-6e87cdff91b9?ixlib=rb-1.2.1&ixid=MnwxMjA3fDB8MHxzZWFyY2h8NHx8Z3ltJTIwYmFsbHxlbnwwfHwwfHw%3D&auto=format&fit=crop&w=800&q=60,0,81
https://images.unsplash.com/photo-1625834317364-b32c140fd360?ixid=MnwxMjA3fDB8MHxzZWFyY2h8Nnx8ZHVtYmJlbGx8ZW58MHx8MHx8&ixlib=rb-1.2.1&auto=format&fit=crop&w=800&q=60,1,82
https://images.unsplash.com/photo-1591258370814-01609b341790?ixid=MnwxMjA3fDB8MHxzZWFyY2h8NTh8fGtldHRsZWJlbGx8ZW58MHx8MHx8&ixlib=rb-1.2.1&auto=format&fit=crop&w=800&q=60,0,82
https://images.unsplash.com/photo-1570440828860-44258b18caa7?ixid=MnwxMjA3fDB8MHxzZWFyY2h8MTN8fGtldHRsZWJlbGx8ZW58MHx8MHx8&ixlib=rb-1.2.1&auto=format&fit=crop&w=800&q=60,0,82
https://images.unsplash.com/flagged/photo-1566064352554-f36ef0ef23b2?ixid=MnwxMjA3fDB8MHxzZWFyY2h8Mjl8fGtldHRsZWJlbGx8ZW58MHx8MHx8&ixlib=rb-1.2.1&auto=format&fit=crop&w=800&q=60,0,82
https://images.unsplash.com/photo-1586790167861-6e87cdff91b9?ixlib=rb-1.2.1&ixid=MnwxMjA3fDB8MHxzZWFyY2h8NHx8Z3ltJTIwYmFsbHxlbnwwfHwwfHw%3D&auto=format&fit=crop&w=800&q=60,0,82
https://images.unsplash.com/photo-1561729955-89357c733059?ixid=MnwxMjA3fDB8MHxzZWFyY2h8Mnx8ZHVtYmJlbGx8ZW58MHx8MHx8&ixlib=rb-1.2.1&auto=format&fit=crop&w=800&q=60,1,83
https://images.unsplash.com/photo-1591258370814-01609b341790?ixid=MnwxMjA3fDB8MHxzZWFyY2h8NTh8fGtldHRsZWJlbGx8ZW58MHx8MHx8&ixlib=rb-1.2.1&auto=format&fit=crop&w=800&q=60,0,83
https://images.unsplash.com/photo-1570440828860-44258b18caa7?ixid=MnwxMjA3fDB8MHxzZWFyY2h8MTN8fGtldHRsZWJlbGx8ZW58MHx8MHx8&ixlib=rb-1.2.1&auto=format&fit=crop&w=800&q=60,0,83
https://images.unsplash.com/flagged/photo-1566064352554-f36ef0ef23b2?ixid=MnwxMjA3fDB8MHxzZWFyY2h8Mjl8fGtldHRsZWJlbGx8ZW58MHx8MHx8&ixlib=rb-1.2.1&auto=format&fit=crop&w=800&q=60,0,83
https://images.unsplash.com/photo-1586790167861-6e87cdff91b9?ixlib=rb-1.2.1&ixid=MnwxMjA3fDB8MHxzZWFyY2h8NHx8Z3ltJTIwYmFsbHxlbnwwfHwwfHw%3D&auto=format&fit=crop&w=800&q=60,0,83
https://images.unsplash.com/photo-1562771242-7d077824055a?ixid=MnwxMjA3fDB8MHxzZWFyY2h8MTR8fGtldHRsZWJlbGx8ZW58MHx8MHx8&ixlib=rb-1.2.1&auto=format&fit=crop&w=800&q=60,1,84
https://images.unsplash.com/photo-1591258370814-01609b341790?ixid=MnwxMjA3fDB8MHxzZWFyY2h8NTh8fGtldHRsZWJlbGx8ZW58MHx8MHx8&ixlib=rb-1.2.1&auto=format&fit=crop&w=800&q=60,0,84
https://images.unsplash.com/photo-1570440828860-44258b18caa7?ixid=MnwxMjA3fDB8MHxzZWFyY2h8MTN8fGtldHRsZWJlbGx8ZW58MHx8MHx8&ixlib=rb-1.2.1&auto=format&fit=crop&w=800&q=60,0,84
https://images.unsplash.com/flagged/photo-1566064352554-f36ef0ef23b2?ixid=MnwxMjA3fDB8MHxzZWFyY2h8Mjl8fGtldHRsZWJlbGx8ZW58MHx8MHx8&ixlib=rb-1.2.1&auto=format&fit=crop&w=800&q=60,0,84
https://images.unsplash.com/photo-1586790167861-6e87cdff91b9?ixlib=rb-1.2.1&ixid=MnwxMjA3fDB8MHxzZWFyY2h8NHx8Z3ltJTIwYmFsbHxlbnwwfHwwfHw%3D&auto=format&fit=crop&w=800&q=60,0,84
https://images.unsplash.com/photo-1593308610775-48f0102f1722?ixid=MnwxMjA3fDB8MHxzZWFyY2h8Mnx8Z3ltJTIwYmFsbHxlbnwwfHwwfHw%3D&ixlib=rb-1.2.1&auto=format&fit=crop&w=800&q=60,1,85
https://images.unsplash.com/photo-1591258370814-01609b341790?ixid=MnwxMjA3fDB8MHxzZWFyY2h8NTh8fGtldHRsZWJlbGx8ZW58MHx8MHx8&ixlib=rb-1.2.1&auto=format&fit=crop&w=800&q=60,0,85
https://images.unsplash.com/photo-1570440828860-44258b18caa7?ixid=MnwxMjA3fDB8MHxzZWFyY2h8MTN8fGtldHRsZWJlbGx8ZW58MHx8MHx8&ixlib=rb-1.2.1&auto=format&fit=crop&w=800&q=60,0,85
https://images.unsplash.com/flagged/photo-1566064352554-f36ef0ef23b2?ixid=MnwxMjA3fDB8MHxzZWFyY2h8Mjl8fGtldHRsZWJlbGx8ZW58MHx8MHx8&ixlib=rb-1.2.1&auto=format&fit=crop&w=800&q=60,0,85
https://images.unsplash.com/photo-1586790167861-6e87cdff91b9?ixlib=rb-1.2.1&ixid=MnwxMjA3fDB8MHxzZWFyY2h8NHx8Z3ltJTIwYmFsbHxlbnwwfHwwfHw%3D&auto=format&fit=crop&w=800&q=60,0,85
https://images.unsplash.com/photo-1584362917137-56406a73241c?ixid=MnwxMjA3fDB8MHxzZWFyY2h8MTN8fHZpdGFtaW58ZW58MHx8MHx8&ixlib=rb-1.2.1&auto=format&fit=crop&w=800&q=60,1,86
https://images.unsplash.com/photo-1584362917165-526a968579e8?ixlib=rb-1.2.1&ixid=MnwxMjA3fDB8MHxwaG90by1wYWdlfHx8fGVufDB8fHx8&auto=format&fit=crop&w=1814&q=80,0,86
https://images.unsplash.com/photo-1556739664-787e863d09c4?ixid=MnwxMjA3fDB8MHxwaG90by1wYWdlfHx8fGVufDB8fHx8&ixlib=rb-1.2.1&auto=format&fit=crop&w=1770&q=80,0,86
https://images.unsplash.com/photo-1565071783280-719b01b29912?ixlib=rb-1.2.1&ixid=MnwxMjA3fDB8MHxwaG90by1wYWdlfHx8fGVufDB8fHx8&auto=format&fit=crop&w=1770&q=80,0,86
https://images.unsplash.com/photo-1624362772755-4d5843e67047?ixid=MnwxMjA3fDB8MHxwaG90by1wYWdlfHx8fGVufDB8fHx8&ixlib=rb-1.2.1&auto=format&fit=crop&w=1770&q=80,0,86
https://images.unsplash.com/photo-1563213126-a4273aed2016?ixlib=rb-1.2.1&ixid=MnwxMjA3fDB8MHxwaG90by1wYWdlfHx8fGVufDB8fHx8&auto=format&fit=crop&w=1770&q=80,1,87
https://images.unsplash.com/photo-1611076351766-d561d39b6af3?ixid=MnwxMjA3fDB8MHxwaG90by1wYWdlfHx8fGVufDB8fHx8&ixlib=rb-1.2.1&auto=format&fit=crop&w=1770&q=80,0,87
https://images.unsplash.com/photo-1611073061835-e77b1b16d3f3?ixid=MnwxMjA3fDB8MHxwaG90by1wYWdlfHx8fGVufDB8fHx8&ixlib=rb-1.2.1&auto=format&fit=crop&w=1771&q=80,0,87
https://images.unsplash.com/photo-1610833804933-264b7f75c99c?ixid=MnwxMjA3fDB8MHxwaG90by1wYWdlfHx8fGVufDB8fHx8&ixlib=rb-1.2.1&auto=format&fit=crop&w=804&q=80,0,87
https://images.unsplash.com/photo-1578730260644-8d1b35ce2c69?ixid=MnwxMjA3fDB8MHxwaG90by1wYWdlfHx8fGVufDB8fHx8&ixlib=rb-1.2.1&auto=format&fit=crop&w=1765&q=80,0,87
https://images.unsplash.com/photo-1522924280870-56438a558308?ixid=MnwxMjA3fDB8MHxwaG90by1wYWdlfHx8fGVufDB8fHx8&ixlib=rb-1.2.1&auto=format&fit=crop&w=774&q=80,1,88
https://images.unsplash.com/photo-1591089398845-0dbbbdba1f75?ixid=MnwxMjA3fDB8MHxwaG90by1wYWdlfHx8fGVufDB8fHx8&ixlib=rb-1.2.1&auto=format&fit=crop&w=896&q=80,0,88
https://images.unsplash.com/photo-1500420836578-c64cdd0a28fb?ixlib=rb-1.2.1&ixid=MnwxMjA3fDB8MHxwaG90by1wYWdlfHx8fGVufDB8fHx8&auto=format&fit=crop&w=774&q=80,0,88
https://images.unsplash.com/photo-1583525999977-2b928def9ab6?ixid=MnwxMjA3fDB8MHxwaG90by1wYWdlfHx8fGVufDB8fHx8&ixlib=rb-1.2.1&auto=format&fit=crop&w=1770&q=80,0,88
https://images.unsplash.com/photo-1608503021075-7f422167beee?ixid=MnwxMjA3fDB8MHxwaG90by1wYWdlfHx8fGVufDB8fHx8&ixlib=rb-1.2.1&auto=format&fit=crop&w=774&q=80,0,88
https://images.unsplash.com/photo-1512069772995-ec65ed45afd6?ixid=MnwxMjA3fDB8MHxwaG90by1wYWdlfHx8fGVufDB8fHx8&ixlib=rb-1.2.1&auto=format&fit=crop&w=874&q=80,1,89
https://images.unsplash.com/photo-1601302030807-8cfadb191a24?ixid=MnwxMjA3fDB8MHxwaG90by1wYWdlfHx8fGVufDB8fHx8&ixlib=rb-1.2.1&auto=format&fit=crop&w=760&q=80,0,89
https://images.unsplash.com/photo-1611077544218-c93992b06e92?ixid=MnwxMjA3fDB8MHxwaG90by1wYWdlfHx8fGVufDB8fHx8&ixlib=rb-1.2.1&auto=format&fit=crop&w=1770&q=80,0,89
https://images.unsplash.com/photo-1577368211130-4bbd0181ddf0?ixid=MnwxMjA3fDB8MHxwaG90by1wYWdlfHx8fGVufDB8fHx8&ixlib=rb-1.2.1&auto=format&fit=crop&w=1760&q=80,0,89
https://images.unsplash.com/photo-1512069772995-ec65ed45afd6?ixid=MnwxMjA3fDB8MHxwaG90by1wYWdlfHx8fGVufDB8fHx8&ixlib=rb-1.2.1&auto=format&fit=crop&w=874&q=80,0,89
https://images.unsplash.com/photo-1590078627006-194655a6c57b?ixid=MnwxMjA3fDB8MHxwaG90by1wYWdlfHx8fGVufDB8fHx8&ixlib=rb-1.2.1&auto=format&fit=crop&w=774&q=80,1,90
https://images.unsplash.com/photo-1610348725531-843dff563e2c?ixid=MnwxMjA3fDB8MHxwaG90by1wYWdlfHx8fGVufDB8fHx8&ixlib=rb-1.2.1&auto=format&fit=crop&w=1770&q=80,0,90
https://images.unsplash.com/photo-1610348717974-38d1912afb57?ixlib=rb-1.2.1&ixid=MnwxMjA3fDB8MHxwaG90by1wYWdlfHx8fGVufDB8fHx8&auto=format&fit=crop&w=1770&q=80,0,90
https://images.unsplash.com/photo-1610401163029-227ab25995ea?ixid=MnwxMjA3fDB8MHxwaG90by1wYWdlfHx8fGVufDB8fHx8&ixlib=rb-1.2.1&auto=format&fit=crop&w=774&q=80,0,90
https://images.unsplash.com/photo-1531730857698-ae61fc8a9826?ixlib=rb-1.2.1&ixid=MnwxMjA3fDB8MHxwaG90by1wYWdlfHx8fGVufDB8fHx8&auto=format&fit=crop&w=1770&q=80,0,90
https://images.unsplash.com/photo-1595981267035-7b04ca84a82d?ixlib=rb-1.2.1&ixid=MnwxMjA3fDB8MHxwaG90by1wYWdlfHx8fGVufDB8fHx8&auto=format&fit=crop&w=1770&q=80,1,91
https://images.unsplash.com/photo-1595981266686-0cf387d0a608?ixlib=rb-1.2.1&ixid=MnwxMjA3fDB8MHxwaG90by1wYWdlfHx8fGVufDB8fHx8&auto=format&fit=crop&w=774&q=80,0,91
https://images.unsplash.com/photo-1595763603216-41c9e72e41bc?ixid=MnwxMjA3fDB8MHxwaG90by1wYWdlfHx8fGVufDB8fHx8&ixlib=rb-1.2.1&auto=format&fit=crop&w=1770&q=80,0,91
https://images.unsplash.com/photo-1595981235768-d8f466028cd6?ixlib=rb-1.2.1&ixid=MnwxMjA3fDB8MHxwaG90by1wYWdlfHx8fGVufDB8fHx8&auto=format&fit=crop&w=1770&q=80,0,91
https://images.unsplash.com/photo-1506802913710-40e2e66339c9?ixid=MnwxMjA3fDB8MHxwaG90by1wYWdlfHx8fGVufDB8fHx8&ixlib=rb-1.2.1&auto=format&fit=crop&w=774&q=80,0,91
https://images.unsplash.com/photo-1620892605587-39e5e4d896e0?ixid=MnwxMjA3fDB8MHxwaG90by1wYWdlfHx8fGVufDB8fHx8&ixlib=rb-1.2.1&auto=format&fit=crop&w=770&q=80,1,92
https://images.unsplash.com/photo-1622013268565-71602f9c2cfe?ixlib=rb-1.2.1&ixid=MnwxMjA3fDB8MHxwaG90by1wYWdlfHx8fGVufDB8fHx8&auto=format&fit=crop&w=770&q=80,0,92
https://images.unsplash.com/photo-1506805259407-9569fa21ccd1?ixid=MnwxMjA3fDB8MHxwaG90by1wYWdlfHx8fGVufDB8fHx8&ixlib=rb-1.2.1&auto=format&fit=crop&w=870&q=80,0,92
https://images.unsplash.com/photo-1509622905150-fa66d3906e09?ixid=MnwxMjA3fDB8MHxwaG90by1wYWdlfHx8fGVufDB8fHx8&ixlib=rb-1.2.1&auto=format&fit=crop&w=870&q=80,0,92
https://images.unsplash.com/photo-1613478881216-d1f1fad2cc6f?ixid=MnwxMjA3fDB8MHxwaG90by1wYWdlfHx8fGVufDB8fHx8&ixlib=rb-1.2.1&auto=format&fit=crop&w=1774&q=80,0,92
https://images.unsplash.com/photo-1528498033373-3c6c08e93d79?ixid=MnwxMjA3fDB8MHxwaG90by1wYWdlfHx8fGVufDB8fHx8&ixlib=rb-1.2.1&auto=format&fit=crop&w=770&q=80,1,93
https://images.unsplash.com/photo-1620706857370-e1b9770e8bb1?ixlib=rb-1.2.1&ixid=MnwxMjA3fDB8MHxwaG90by1wYWdlfHx8fGVufDB8fHx8&auto=format&fit=crop&w=928&q=80,0,93
https://images.unsplash.com/photo-1523472721958-978152f4d69b?ixid=MnwxMjA3fDB8MHxwaG90by1wYWdlfHx8fGVufDB8fHx8&ixlib=rb-1.2.1&auto=format&fit=crop&w=1770&q=80,0,93
https://images.unsplash.com/photo-1611255153959-5d090dc09ac0?ixid=MnwxMjA3fDB8MHxwaG90by1wYWdlfHx8fGVufDB8fHx8&ixlib=rb-1.2.1&auto=format&fit=crop&w=1674&q=80,0,93
https://images.unsplash.com/photo-1523472721958-978152f4d69b?ixid=MnwxMjA3fDB8MHxwaG90by1wYWdlfHx8fGVufDB8fHx8&ixlib=rb-1.2.1&auto=format&fit=crop&w=1770&q=80,0,93
https://images.unsplash.com/photo-1623130094330-611c88b31bf6?ixid=MnwxMjA3fDB8MHxwaG90by1wYWdlfHx8fGVufDB8fHx8&ixlib=rb-1.2.1&auto=format&fit=crop&w=774&q=80,1,94
https://images.unsplash.com/photo-1623130180922-77383ed4eee7?ixid=MnwxMjA3fDB8MHxwaG90by1wYWdlfHx8fGVufDB8fHx8&ixlib=rb-1.2.1&auto=format&fit=crop&w=774&q=80,0,94
https://images.unsplash.com/photo-1623130083409-d868ca7fa2f5?ixid=MnwxMjA3fDB8MHxwaG90by1wYWdlfHx8fGVufDB8fHx8&ixlib=rb-1.2.1&auto=format&fit=crop&w=774&q=80,0,94
https://images.unsplash.com/photo-1624174503860-478619028ab3?ixid=MnwxMjA3fDB8MHxwaG90by1wYWdlfHx8fGVufDB8fHx8&ixlib=rb-1.2.1&auto=format&fit=crop&w=774&q=80,0,94
https://images.unsplash.com/photo-1624174782964-e541742299ee?ixid=MnwxMjA3fDB8MHxwaG90by1wYWdlfHx8fGVufDB8fHx8&ixlib=rb-1.2.1&auto=format&fit=crop&w=774&q=80,0,94
https://media.istockphoto.com/photos/sweet-and-sour-pork-picture-id1325747008?b=1&k=20&m=1325747008&s=170667a&w=0&h=BzPNpFEmj_LfVF0TlcgQJ0Once2x_BbU7D5qWY4GmQM=,1,95
https://www.istockphoto.com/photo/pork-in-sweet-and-sour-sauce-in-bowl-on-dark-board-gm1070710580-286500074?utm_source=unsplash&utm_medium=affiliate&utm_campaign=srp_photos_top&utm_content=https%3A%2F%2Funsplash.com%2Fs%2Fphotos%2Fchinese-sweet-and-sour-pork&utm_term=chinese%20sweet%20and%20sour%20pork%3A%3Asearch-aggressive-affiliates-v1%3Ab,0,95
https://media.istockphoto.com/photos/chinese-sweet-amp-sour-chicken-and-rice-picture-id177419923?b=1&k=20&m=177419923&s=170667a&w=0&h=yrftGeonButkirx3MAfkRwYgpMkctCZjhls3no5jLwo=,0,95
https://images.unsplash.com/photo-1537340728969-d9c8b65093be?ixid=MnwxMjA3fDB8MHxwaG90by1wYWdlfHx8fGVufDB8fHx8&ixlib=rb-1.2.1&auto=format&fit=crop&w=2064&q=80,0,95
https://www.istockphoto.com/photo/asian-woman-eating-sweet-and-sour-pork-in-restaurant-gm1334775883-416767541?utm_source=unsplash&utm_medium=affiliate&utm_campaign=srp_photos_top&utm_content=https%3A%2F%2Funsplash.com%2Fs%2Fphotos%2Fchinese-sweet-and-sour-pork&utm_term=chinese%20sweet%20and%20sour%20pork%3A%3Asearch-aggressive-affiliates-v1%3Ab,0,95
https://images.unsplash.com/photo-1626645738196-c2a7c87a8f58?ixlib=rb-1.2.1&ixid=MnwxMjA3fDB8MHxwaG90by1wYWdlfHx8fGVufDB8fHx8&auto=format&fit=crop&w=1770&q=80,1,96
https://images.unsplash.com/photo-1569058242253-92a9c755a0ec?ixlib=rb-1.2.1&ixid=MnwxMjA3fDB8MHxwaG90by1wYWdlfHx8fGVufDB8fHx8&auto=format&fit=crop&w=1770&q=80,0,96
https://images.unsplash.com/photo-1569691899455-88464f6d3ab1?ixlib=rb-1.2.1&ixid=MnwxMjA3fDB8MHxwaG90by1wYWdlfHx8fGVufDB8fHx8&auto=format&fit=crop&w=772&q=80,0,96
https://images.unsplash.com/photo-1562967916-eb82221dfb92?ixid=MnwxMjA3fDB8MHxwaG90by1wYWdlfHx8fGVufDB8fHx8&ixlib=rb-1.2.1&auto=format&fit=crop&w=772&q=80,0,96
https://images.unsplash.com/photo-1562967914-608f82629710?ixid=MnwxMjA3fDB8MHxwaG90by1wYWdlfHx8fGVufDB8fHx8&ixlib=rb-1.2.1&auto=format&fit=crop&w=1773&q=80,0,96
https://images.unsplash.com/photo-1614277786110-1a64e457c4c3?ixlib=rb-1.2.1&ixid=MnwxMjA3fDB8MHxwaG90by1wYWdlfHx8fGVufDB8fHx8&auto=format&fit=crop&w=1770&q=80,1,97
https://images.unsplash.com/photo-1580554530778-ca36943938b2?ixid=MnwxMjA3fDB8MHxwaG90by1wYWdlfHx8fGVufDB8fHx8&ixlib=rb-1.2.1&auto=format&fit=crop&w=928&q=80,0,97
https://images.unsplash.com/photo-1598514982205-f36b96d1e8d4?ixid=MnwxMjA3fDB8MHxwaG90by1wYWdlfHx8fGVufDB8fHx8&ixlib=rb-1.2.1&auto=format&fit=crop&w=1770&q=80,0,97
https://images.unsplash.com/photo-1605490500023-b96e71486495?ixid=MnwxMjA3fDB8MHxwaG90by1wYWdlfHx8fGVufDB8fHx8&ixlib=rb-1.2.1&auto=format&fit=crop&w=2794&q=80,0,97
https://images.unsplash.com/photo-1611489142329-5f62cfa43e6e?ixid=MnwxMjA3fDB8MHxwaG90by1wYWdlfHx8fGVufDB8fHx8&ixlib=rb-1.2.1&auto=format&fit=crop&w=1770&q=80,0,97